date,origin_day,units,baseline,model
2016-02-29,1857,3252.0,3679.75,3100.0220592675387
2016-03-01,1857,3525.0,3207.75,3171.5971765388267
2016-03-02,1857,3153.0,3067.5,3122.821690732495
2016-03-03,1857,3186.0,3099.75,3141.9549297222347
2016-03-04,1857,3208.0,3557.25,3482.7225144452555
2016-03-05,1857,4529.0,5013.5,4551.864337572705
2016-03-06,1857,5302.0,4823.75,4535.850763798265
2016-03-07,1857,3732.0,3577.5,3505.1502419884573
2016-03-08,1857,3607.0,3283.0,3251.5503168401538
2016-03-09,1857,3391.0,3305.25,3250.7443579179253
2016-03-10,1857,3340.0,3354.5,3273.177464394537
2016-03-11,1857,3668.0,3628.25,3361.03144338026
2016-03-12,1857,4599.0,5018.5,4412.550745519868
2016-03-13,1857,4704.0,4731.75,4490.883962949984
2016-03-14,1857,3493.0,3725.0,3487.6258839745005
2016-03-15,1857,3197.0,3283.0,3105.712939281219
2016-03-16,1857,3114.0,3294.5,3044.638605933721
2016-03-17,1857,3206.0,3398.75,3080.165193821719
2016-03-18,1857,3378.0,3738.5,3365.458078858273
2016-03-19,1857,4159.0,4929.75,4398.265116554125
2016-03-20,1857,4373.0,4723.5,4591.752636495439
2016-03-21,1857,3353.0,3776.0,3387.8533747194388
2016-03-22,1857,3577.0,3325.0,3104.778578357407
2016-03-23,1857,3158.0,3308.25,2980.644561214977
2016-03-24,1857,3278.0,3531.5,3041.855900252074
2016-03-25,1857,4262.0,3798.5,3324.7195064846564
2016-03-26,1857,5850.0,4984.75,4468.885210105558
2016-03-27,1857,5316.0,4706.25,4513.162607103181
2016-03-28,1885,3166.0,3753.25,3368.425395014956
2016-03-29,1885,3344.0,3414.5,3093.805541824661
2016-03-30,1885,3039.0,3275.5,3035.6843656242218
2016-03-31,1885,3251.0,3430.75,3094.542199840519
2016-04-01,1885,3725.0,3637.25,3512.3521962557184
2016-04-02,1885,4550.0,4761.25,4432.047694937899
2016-04-03,1885,4963.0,4905.25,4562.848768712718
2016-04-04,1885,3671.0,3795.0,3367.8004237927416
2016-04-05,1885,3372.0,3430.75,3206.937623516173
2016-04-06,1885,3466.0,3143.5,3183.7369131953224
2016-04-07,1885,3235.0,3266.5,3163.91212745841
2016-04-08,1885,3707.0,3594.25,3507.0498366033316
2016-04-09,1885,4743.0,4649.5,4383.797804486708
2016-04-10,1885,4751.0,4981.75,4472.981919360361
2016-04-11,1885,3546.0,3533.5,3204.2654186411355
2016-04-12,1885,3118.0,3398.0,2963.6139382193
2016-04-13,1885,2989.0,3136.5,2981.0381951623876
2016-04-14,1885,3052.0,3276.75,2980.0984713844978
2016-04-15,1885,3340.0,3482.75,3273.1069517261694
2016-04-16,1885,4301.0,4513.5,4091.462281429879
2016-04-17,1885,4817.0,4798.0,4257.351199654588
2016-04-18,1885,3467.0,3457.5,3183.569148088757
2016-04-19,1885,3157.0,3476.5,3008.7964138422167
2016-04-20,1885,3067.0,3204.0,2966.2003637113153
2016-04-21,1885,3070.0,3252.5,2985.605939547719
2016-04-22,1885,3441.0,3629.0,3356.6449025486736
2016-04-23,1885,4437.0,4784.25,4353.369867665163
2016-04-24,1885,4527.0,4923.75,4380.670895466194
