segment,policy,rows,actual_units,wape,bias_pct,mae
overall,baseline,20160,210222.0,49.21,2.17,5.131
overall,model,20160,210222.0,48.37,-5.38,5.044
overall,calibrated_override,20160,210222.0,49.2,2.29,5.13
origin_1857,baseline,10080,106910.0,49.17,0.9,5.215
origin_1857,model,10080,106910.0,51.19,-5.95,5.429
origin_1885,baseline,10080,103312.0,49.25,3.48,5.048
origin_1885,model,10080,103312.0,45.45,-4.78,4.658
store_CA_1,baseline,6720,63313.0,48.24,-0.58,4.545
store_CA_1,model,6720,63313.0,49.74,-4.55,4.686
store_CA_2,baseline,6720,54676.0,53.64,1.96,4.364
store_CA_2,model,6720,54676.0,50.81,-13.54,4.134
store_CA_3,baseline,6720,92233.0,47.25,4.17,6.485
store_CA_3,model,6720,92233.0,45.99,-1.11,6.312
store_CA_1_origin_1857,baseline,3360,32082.0,47.65,-2.58,4.549
store_CA_1_origin_1857,model,3360,32082.0,52.54,-7.04,5.017
store_CA_1_origin_1885,baseline,3360,31231.0,48.85,1.47,4.541
store_CA_1_origin_1885,model,3360,31231.0,46.85,-1.99,4.355
store_CA_2_origin_1857,baseline,3360,27185.0,55.45,3.93,4.486
store_CA_2_origin_1857,model,3360,27185.0,54.21,-10.32,4.386
store_CA_2_origin_1885,baseline,3360,27491.0,51.85,0.01,4.242
store_CA_2_origin_1885,model,3360,27491.0,47.44,-16.73,3.882
store_CA_3_origin_1857,baseline,3360,47643.0,46.61,1.51,6.609
store_CA_3_origin_1857,model,3360,47643.0,48.56,-2.73,6.885
store_CA_3_origin_1885,baseline,3360,44590.0,47.93,7.02,6.361
store_CA_3_origin_1885,model,3360,44590.0,43.24,0.63,5.739
item_store_weekly,baseline,2880,210222.0,30.78,2.17,22.469
item_store_weekly,model,2880,210222.0,33.24,-5.38,24.261
item_store_28day,baseline,720,210222.0,24.6,2.17,71.813
item_store_28day,model,720,210222.0,28.01,-5.38,81.771
