item_id,store_id,dept_id,model_units,baseline_units,actual_units,abs_error,avg_price,estimated_error_value_usd,bias_units,action
FOODS_3_120,CA_3,FOODS_3,3935.4471638588307,2863.25,2855.0,1668.2061139405457,4.8549999999999995,8099.14,1080.4,Review excess / forecast bias
FOODS_3_120,CA_1,FOODS_3,2282.3224077486875,1827.75,1760.0,1454.4383124228198,4.9799999999999995,7243.1,522.3,Review excess / forecast bias
FOODS_3_090,CA_3,FOODS_3,2999.199137963792,5859.0,6208.0,3232.5656605466943,1.6,5172.11,-3208.8,Review availability / demand uplift
FOODS_3_511,CA_1,FOODS_3,781.5689977478951,1307.0,1308.0,543.0162745059544,6.9799999999999995,3790.25,-526.4,Review availability / demand uplift
FOODS_3_362,CA_3,FOODS_3,1109.0321544635647,690.25,2186.0,1251.4482810865622,2.56,3203.71,-1077.0,Review availability / demand uplift
FOODS_3_282,CA_3,FOODS_3,2057.5290273928144,3077.25,2887.0,1123.978123371822,2.554642857142857,2871.36,-829.5,Review availability / demand uplift
FOODS_3_120,CA_2,FOODS_3,1139.575445466808,974.5,829.0,575.0429787296989,4.773750000000001,2745.11,310.6,Review excess / forecast bias
FOODS_3_233,CA_3,FOODS_3,620.2782675574585,525.75,1548.0,1002.3279535057926,2.56,2565.96,-927.7,Review availability / demand uplift
FOODS_3_090,CA_1,FOODS_3,1389.7923372060918,2802.25,2936.0,1573.456132872178,1.6,2517.53,-1546.2,Review availability / demand uplift
FOODS_3_499,CA_3,FOODS_3,1584.9700824292029,1970.25,1419.0,939.6735438429238,2.554642857142857,2400.53,166.0,Review excess / forecast bias
FOODS_3_090,CA_2,FOODS_3,1216.498079787897,2365.75,2614.0,1443.0143076936288,1.6,2308.82,-1397.5,Review availability / demand uplift
FOODS_1_012,CA_2,FOODS_1,691.0037447493975,736.25,773.0,376.6640242465383,5.64,2124.39,-82.0,Review availability / demand uplift
FOODS_3_785,CA_1,FOODS_3,697.7303804371501,56.0,108.0,698.8344892709346,3.0,2096.5,589.7,Review excess / forecast bias
FOODS_3_202,CA_3,FOODS_3,1016.085896134413,1256.75,1307.0,421.7542666722138,4.68,1973.81,-290.9,Review availability / demand uplift
FOODS_3_785,CA_3,FOODS_3,741.9443103541041,102.25,123.0,714.359473041861,2.580357142857143,1843.3,618.9,Review excess / forecast bias
FOODS_1_012,CA_3,FOODS_1,397.2934811083088,365.25,114.0,311.3457680243098,5.64,1755.99,283.3,Review excess / forecast bias
FOODS_3_362,CA_2,FOODS_3,451.1790176545202,307.0,962.0,608.050817021277,2.56,1556.61,-510.8,Review availability / demand uplift
FOODS_3_202,CA_2,FOODS_3,561.7545971053721,653.75,784.0,306.320488280946,4.68,1433.58,-222.2,Review availability / demand uplift
FOODS_3_362,CA_1,FOODS_3,470.42076914385956,204.0,867.0,551.7490587975132,2.554642857142857,1409.52,-396.6,Review availability / demand uplift
FOODS_3_499,CA_1,FOODS_3,1119.582369512646,1115.25,711.0,541.3906391105304,2.554642857142857,1383.06,408.6,Review excess / forecast bias
FOODS_3_282,CA_1,FOODS_3,1332.3277543705847,1311.5,1197.0,527.5054828687541,2.554642857142857,1347.59,135.3,Review excess / forecast bias
FOODS_3_587,CA_1,FOODS_3,1459.6764689912584,1525.75,1526.0,519.8656749378383,2.48,1289.27,-66.3,Review availability / demand uplift
FOODS_3_202,CA_1,FOODS_3,645.6119062292634,857.75,861.0,266.11501537166475,4.68,1245.42,-215.4,Review availability / demand uplift
FOODS_3_329,CA_3,FOODS_3,1442.9263728984888,1768.0,1655.0,406.88259495923296,2.98,1212.51,-212.1,Review availability / demand uplift
FOODS_3_511,CA_3,FOODS_3,624.8065858967005,674.75,588.0,171.8475275708277,6.9799999999999995,1199.5,36.8,Review excess / forecast bias
FOODS_1_170,CA_2,FOODS_1,451.54932887598045,502.25,486.0,208.22286438518768,5.64,1174.38,-34.5,Review availability / demand uplift
FOODS_3_804,CA_3,FOODS_3,1150.519410427489,950.0,692.0,617.8555028696568,1.8800000000000001,1161.57,458.5,Review excess / forecast bias
FOODS_1_170,CA_3,FOODS_1,581.7843973107632,569.5,573.0,204.97570771409357,5.64,1156.06,8.8,Review excess / forecast bias
FOODS_3_077,CA_1,FOODS_3,423.8578848287855,470.5,45.0,392.84157711600375,2.88,1131.38,378.9,Review excess / forecast bias
FOODS_3_329,CA_2,FOODS_3,708.75464849575,869.0,936.0,372.1517384693698,2.98,1109.01,-227.2,Review availability / demand uplift
FOODS_3_511,CA_2,FOODS_3,298.34939007901755,368.25,365.0,156.79591958192913,6.9799999999999995,1094.44,-66.7,Review availability / demand uplift
FOODS_3_282,CA_2,FOODS_3,740.8219015578699,839.0,844.0,427.67004170899065,2.554642857142857,1092.54,-103.2,Review availability / demand uplift
FOODS_3_499,CA_2,FOODS_3,786.1324842758355,704.25,506.0,421.2534362111876,2.554642857142857,1076.15,280.1,Review excess / forecast bias
FOODS_3_587,CA_3,FOODS_3,1927.9612607225388,2032.25,1957.0,423.2738101861893,2.48,1049.72,-29.0,Review availability / demand uplift
FOODS_2_244,CA_3,FOODS_2,663.794814737707,592.0,554.0,176.04379453266168,5.94,1045.7,109.8,Review excess / forecast bias
FOODS_3_324,CA_1,FOODS_3,319.59802342786674,43.0,74.0,345.2104713526722,3.0,1035.63,245.6,Review excess / forecast bias
FOODS_2_197,CA_1,FOODS_2,927.4190842773249,917.5,994.0,288.9846602897609,3.4199999999999995,988.33,-66.6,Review availability / demand uplift
FOODS_3_233,CA_2,FOODS_3,205.30909913085662,168.0,535.0,381.60455815279926,2.56,976.91,-329.7,Review availability / demand uplift
FOODS_1_043,CA_3,FOODS_1,642.5170376384563,203.0,1.0,641.5170376384563,1.5164285714285715,972.81,641.5,Review excess / forecast bias
FOODS_3_318,CA_3,FOODS_3,722.7503249567892,991.0,1316.0,655.9377811552558,1.48,970.79,-593.2,Review availability / demand uplift
FOODS_3_760,CA_3,FOODS_3,735.1693734850928,978.25,883.0,336.94258253047514,2.88,970.39,-147.8,Review availability / demand uplift
FOODS_1_217,CA_2,FOODS_1,268.91611912510035,332.75,435.0,272.6896501136574,3.54,965.32,-166.1,Review availability / demand uplift
FOODS_3_772,CA_3,FOODS_3,298.55690576879584,359.5,405.0,170.55181483306632,5.44,927.8,-106.4,Review availability / demand uplift
FOODS_2_131,CA_1,FOODS_2,245.90870146899243,306.0,293.0,151.9605356362099,5.9799999999999995,908.72,-47.1,Review availability / demand uplift
FOODS_3_288,CA_2,FOODS_3,1381.0077697690986,1666.0,1819.0,603.4967528767287,1.5,905.25,-438.0,Review availability / demand uplift
FOODS_2_019,CA_1,FOODS_2,815.2667555976543,928.5,892.0,262.13540529795984,3.4199999999999995,896.5,-76.7,Review availability / demand uplift
FOODS_3_329,CA_1,FOODS_3,702.1346811490544,823.25,775.0,298.42859071494246,2.98,889.32,-72.9,Review availability / demand uplift
FOODS_2_244,CA_1,FOODS_2,290.4251198183441,295.0,318.0,149.05723738307918,5.94,885.4,-27.6,Review availability / demand uplift
FOODS_3_723,CA_3,FOODS_3,902.3093205865074,1381.25,1407.0,551.6726069003355,1.6,882.68,-504.7,Review availability / demand uplift
FOODS_3_252,CA_3,FOODS_3,2250.993097397947,1962.0,2391.0,553.6826007814241,1.58,874.82,-140.0,Review availability / demand uplift
