store_id,item_id,policy,demand,served,lost,waste,ordered,ending_stock,days
CA_1,FOODS_1_012,baseline,85.0,83.0,2.0,0.0,78.0,7.0,25
CA_1,FOODS_1_012,model,85.0,85.0,0.0,0.0,78.0,5.0,25
CA_1,FOODS_1_018,baseline,250.0,237.0,13.0,0.0,210.0,3.0,25
CA_1,FOODS_1_018,model,250.0,237.0,13.0,0.0,210.0,3.0,25
CA_1,FOODS_1_032,baseline,70.0,64.0,6.0,2.0,54.0,0.0,25
CA_1,FOODS_1_032,model,70.0,59.0,11.0,1.0,48.0,0.0,25
CA_1,FOODS_1_043,baseline,0.0,0.0,0.0,48.0,42.0,0.0,25
CA_1,FOODS_1_043,model,0.0,0.0,0.0,66.0,66.0,6.0,25
CA_1,FOODS_1_046,baseline,188.0,186.0,2.0,0.0,162.0,0.0,25
CA_1,FOODS_1_046,model,188.0,181.0,7.0,0.0,162.0,5.0,25
CA_1,FOODS_1_082,baseline,249.0,228.0,21.0,0.0,198.0,0.0,25
CA_1,FOODS_1_082,model,249.0,213.0,36.0,0.0,186.0,3.0,25
CA_1,FOODS_1_085,baseline,292.0,292.0,0.0,0.0,258.0,8.0,25
CA_1,FOODS_1_085,model,292.0,283.0,9.0,0.0,246.0,5.0,25
CA_1,FOODS_1_099,baseline,250.0,248.0,2.0,4.0,210.0,0.0,25
CA_1,FOODS_1_099,model,250.0,240.0,10.0,0.0,198.0,0.0,25
CA_1,FOODS_1_104,baseline,20.0,20.0,0.0,22.0,42.0,12.0,25
CA_1,FOODS_1_104,model,20.0,20.0,0.0,22.0,42.0,12.0,25
CA_1,FOODS_1_110,baseline,0.0,0.0,0.0,30.0,30.0,6.0,25
CA_1,FOODS_1_110,model,0.0,0.0,0.0,48.0,54.0,12.0,25
CA_1,FOODS_1_154,baseline,110.0,102.0,8.0,0.0,90.0,0.0,25
CA_1,FOODS_1_154,model,110.0,102.0,8.0,0.0,90.0,0.0,25
CA_1,FOODS_1_161,baseline,353.0,288.0,65.0,0.0,252.0,0.0,25
CA_1,FOODS_1_161,model,353.0,276.0,77.0,0.0,240.0,0.0,25
CA_1,FOODS_1_170,baseline,0.0,0.0,0.0,18.0,12.0,0.0,25
CA_1,FOODS_1_170,model,0.0,0.0,0.0,36.0,30.0,0.0,25
CA_1,FOODS_1_173,baseline,47.0,43.0,4.0,11.0,48.0,6.0,25
CA_1,FOODS_1_173,model,47.0,47.0,0.0,19.0,66.0,12.0,25
CA_1,FOODS_1_200,baseline,303.0,276.0,27.0,0.0,240.0,0.0,25
CA_1,FOODS_1_200,model,303.0,264.0,39.0,0.0,228.0,0.0,25
CA_1,FOODS_1_217,baseline,41.0,41.0,0.0,12.0,48.0,7.0,25
CA_1,FOODS_1_217,model,41.0,41.0,0.0,11.0,42.0,2.0,25
CA_1,FOODS_1_218,baseline,309.0,264.0,45.0,0.0,234.0,0.0,25
CA_1,FOODS_1_218,model,309.0,264.0,45.0,0.0,234.0,0.0,25
CA_1,FOODS_2_019,baseline,400.0,389.0,11.0,0.0,348.0,13.0,25
CA_1,FOODS_2_019,model,400.0,389.0,11.0,0.0,336.0,1.0,25
CA_1,FOODS_2_131,baseline,144.0,141.0,3.0,0.0,126.0,3.0,25
CA_1,FOODS_2_131,model,144.0,138.0,6.0,0.0,120.0,0.0,25
CA_1,FOODS_2_181,baseline,94.0,94.0,0.0,7.0,84.0,1.0,25
CA_1,FOODS_2_181,model,94.0,94.0,0.0,2.0,78.0,0.0,25
CA_1,FOODS_2_197,baseline,396.0,396.0,0.0,0.0,366.0,18.0,25
CA_1,FOODS_2_197,model,396.0,396.0,0.0,0.0,366.0,18.0,25
CA_1,FOODS_2_204,baseline,185.0,147.0,38.0,0.0,144.0,9.0,25
CA_1,FOODS_2_204,model,185.0,135.0,50.0,0.0,126.0,3.0,25
CA_1,FOODS_2_222,baseline,201.0,201.0,0.0,0.0,174.0,3.0,25
CA_1,FOODS_2_222,model,201.0,198.0,3.0,0.0,168.0,0.0,25
CA_1,FOODS_2_244,baseline,138.0,138.0,0.0,0.0,126.0,6.0,25
CA_1,FOODS_2_244,model,138.0,133.0,5.0,0.0,120.0,5.0,25
CA_1,FOODS_2_276,baseline,268.0,246.0,22.0,0.0,216.0,12.0,25
CA_1,FOODS_2_276,model,268.0,252.0,16.0,0.0,222.0,12.0,25
CA_1,FOODS_2_325,baseline,113.0,113.0,0.0,1.0,102.0,6.0,25
CA_1,FOODS_2_325,model,113.0,113.0,0.0,0.0,96.0,1.0,25
CA_1,FOODS_2_326,baseline,280.0,154.0,126.0,0.0,144.0,8.0,25
CA_1,FOODS_2_326,model,280.0,148.0,132.0,0.0,138.0,8.0,25
CA_1,FOODS_2_347,baseline,209.0,209.0,0.0,1.0,192.0,18.0,25
CA_1,FOODS_2_347,model,209.0,209.0,0.0,0.0,192.0,19.0,25
CA_1,FOODS_2_360,baseline,250.0,6.0,244.0,0.0,0.0,0.0,25
CA_1,FOODS_2_360,model,250.0,138.0,112.0,0.0,132.0,0.0,25
CA_1,FOODS_2_371,baseline,219.0,219.0,0.0,0.0,198.0,3.0,25
CA_1,FOODS_2_371,model,219.0,216.0,3.0,0.0,192.0,0.0,25
CA_1,FOODS_3_007,baseline,101.0,84.0,17.0,24.0,108.0,18.0,25
CA_1,FOODS_3_007,model,101.0,78.0,23.0,18.0,96.0,18.0,25
CA_1,FOODS_3_008,baseline,0.0,0.0,0.0,18.0,12.0,0.0,25
CA_1,FOODS_3_008,model,0.0,0.0,0.0,18.0,18.0,6.0,25
CA_1,FOODS_3_020,baseline,295.0,237.0,58.0,0.0,216.0,9.0,25
CA_1,FOODS_3_020,model,295.0,201.0,94.0,0.0,174.0,3.0,25
CA_1,FOODS_3_064,baseline,589.0,589.0,0.0,0.0,528.0,23.0,25
CA_1,FOODS_3_064,model,589.0,589.0,0.0,0.0,528.0,23.0,25
CA_1,FOODS_3_066,baseline,142.0,138.0,4.0,0.0,114.0,0.0,25
CA_1,FOODS_3_066,model,142.0,138.0,4.0,0.0,114.0,0.0,25
CA_1,FOODS_3_077,baseline,45.0,45.0,0.0,75.0,120.0,36.0,25
CA_1,FOODS_3_077,model,45.0,45.0,0.0,63.0,96.0,24.0,25
CA_1,FOODS_3_080,baseline,468.0,450.0,18.0,0.0,390.0,0.0,25
CA_1,FOODS_3_080,model,468.0,444.0,24.0,0.0,384.0,0.0,25
CA_1,FOODS_3_086,baseline,116.0,116.0,0.0,0.0,102.0,4.0,25
CA_1,FOODS_3_086,model,116.0,116.0,0.0,1.0,108.0,9.0,25
CA_1,FOODS_3_090,baseline,1239.0,1234.0,5.0,0.0,1080.0,2.0,25
CA_1,FOODS_3_090,model,1239.0,750.0,489.0,0.0,594.0,0.0,25
CA_1,FOODS_3_099,baseline,366.0,366.0,0.0,0.0,324.0,12.0,25
CA_1,FOODS_3_099,model,366.0,366.0,0.0,0.0,324.0,12.0,25
CA_1,FOODS_3_107,baseline,103.0,98.0,5.0,0.0,84.0,4.0,25
CA_1,FOODS_3_107,model,103.0,98.0,5.0,0.0,84.0,4.0,25
CA_1,FOODS_3_120,baseline,498.0,482.0,16.0,183.0,600.0,67.0,25
CA_1,FOODS_3_120,model,498.0,446.0,52.0,171.0,504.0,19.0,25
CA_1,FOODS_3_124,baseline,92.0,92.0,0.0,0.0,90.0,16.0,25
CA_1,FOODS_3_124,model,92.0,92.0,0.0,1.0,84.0,9.0,25
CA_1,FOODS_3_135,baseline,158.0,157.0,1.0,0.0,138.0,5.0,25
CA_1,FOODS_3_135,model,158.0,155.0,3.0,0.0,132.0,1.0,25
CA_1,FOODS_3_148,baseline,165.0,165.0,0.0,0.0,144.0,9.0,25
CA_1,FOODS_3_148,model,165.0,150.0,15.0,0.0,120.0,0.0,25
CA_1,FOODS_3_202,baseline,347.0,347.0,0.0,0.0,294.0,1.0,25
CA_1,FOODS_3_202,model,347.0,342.0,5.0,0.0,288.0,0.0,25
CA_1,FOODS_3_226,baseline,135.0,126.0,9.0,0.0,108.0,0.0,25
CA_1,FOODS_3_226,model,135.0,126.0,9.0,0.0,108.0,0.0,25
CA_1,FOODS_3_228,baseline,131.0,131.0,0.0,0.0,120.0,7.0,25
CA_1,FOODS_3_228,model,131.0,131.0,0.0,0.0,120.0,7.0,25
CA_1,FOODS_3_233,baseline,145.0,0.0,145.0,6.0,0.0,0.0,25
CA_1,FOODS_3_233,model,145.0,90.0,55.0,6.0,90.0,0.0,25
CA_1,FOODS_3_234,baseline,57.0,50.0,7.0,38.0,84.0,14.0,25
CA_1,FOODS_3_234,model,57.0,50.0,7.0,38.0,84.0,14.0,25
CA_1,FOODS_3_245,baseline,176.0,176.0,0.0,0.0,156.0,4.0,25
CA_1,FOODS_3_245,model,176.0,176.0,0.0,0.0,156.0,4.0,25
CA_1,FOODS_3_252,baseline,754.0,741.0,13.0,0.0,648.0,15.0,25
CA_1,FOODS_3_252,model,754.0,754.0,0.0,0.0,660.0,14.0,25
CA_1,FOODS_3_282,baseline,505.0,505.0,0.0,5.0,426.0,0.0,25
CA_1,FOODS_3_282,model,505.0,498.0,7.0,5.0,420.0,1.0,25
CA_1,FOODS_3_288,baseline,392.0,389.0,3.0,0.0,360.0,13.0,25
CA_1,FOODS_3_288,model,392.0,386.0,6.0,0.0,354.0,10.0,25
CA_1,FOODS_3_295,baseline,681.0,662.0,19.0,0.0,588.0,4.0,25
CA_1,FOODS_3_295,model,681.0,600.0,81.0,0.0,522.0,0.0,25
CA_1,FOODS_3_313,baseline,125.0,124.0,1.0,0.0,108.0,2.0,25
CA_1,FOODS_3_313,model,125.0,125.0,0.0,0.0,108.0,1.0,25
CA_1,FOODS_3_318,baseline,265.0,194.0,71.0,0.0,162.0,4.0,25
CA_1,FOODS_3_318,model,265.0,228.0,37.0,0.0,192.0,0.0,25
CA_1,FOODS_3_319,baseline,187.0,180.0,7.0,0.0,150.0,0.0,25
CA_1,FOODS_3_319,model,187.0,186.0,1.0,0.0,156.0,0.0,25
CA_1,FOODS_3_321,baseline,157.0,132.0,25.0,0.0,120.0,0.0,25
CA_1,FOODS_3_321,model,157.0,126.0,31.0,0.0,114.0,0.0,25
CA_1,FOODS_3_324,baseline,0.0,0.0,0.0,24.0,18.0,0.0,25
CA_1,FOODS_3_324,model,0.0,0.0,0.0,66.0,72.0,12.0,25
CA_1,FOODS_3_329,baseline,348.0,341.0,7.0,0.0,300.0,7.0,25
CA_1,FOODS_3_329,model,348.0,318.0,30.0,0.0,270.0,0.0,25
CA_1,FOODS_3_348,baseline,192.0,190.0,2.0,0.0,168.0,2.0,25
CA_1,FOODS_3_348,model,192.0,184.0,8.0,0.0,162.0,2.0,25
CA_1,FOODS_3_349,baseline,182.0,174.0,8.0,0.0,150.0,0.0,25
CA_1,FOODS_3_349,model,182.0,180.0,2.0,0.0,156.0,0.0,25
CA_1,FOODS_3_351,baseline,239.0,235.0,4.0,0.0,210.0,11.0,25
CA_1,FOODS_3_351,model,239.0,209.0,30.0,0.0,174.0,1.0,25
CA_1,FOODS_3_362,baseline,327.0,0.0,327.0,6.0,0.0,0.0,25
CA_1,FOODS_3_362,model,327.0,174.0,153.0,6.0,174.0,0.0,25
CA_1,FOODS_3_363,baseline,138.0,138.0,0.0,1.0,126.0,5.0,25
CA_1,FOODS_3_363,model,138.0,138.0,0.0,0.0,120.0,0.0,25
CA_1,FOODS_3_377,baseline,179.0,179.0,0.0,0.0,156.0,1.0,25
CA_1,FOODS_3_377,model,179.0,179.0,0.0,0.0,156.0,1.0,25
CA_1,FOODS_3_389,baseline,185.0,185.0,0.0,0.0,156.0,1.0,25
CA_1,FOODS_3_389,model,185.0,185.0,0.0,0.0,156.0,1.0,25
CA_1,FOODS_3_403,baseline,0.0,0.0,0.0,6.0,0.0,0.0,25
CA_1,FOODS_3_403,model,0.0,0.0,0.0,36.0,30.0,0.0,25
CA_1,FOODS_3_404,baseline,221.0,215.0,6.0,0.0,198.0,7.0,25
CA_1,FOODS_3_404,model,221.0,209.0,12.0,0.0,186.0,1.0,25
CA_1,FOODS_3_406,baseline,279.0,276.0,3.0,0.0,252.0,12.0,25
CA_1,FOODS_3_406,model,279.0,275.0,4.0,0.0,252.0,13.0,25
CA_1,FOODS_3_455,baseline,236.0,232.0,4.0,0.0,210.0,8.0,25
CA_1,FOODS_3_455,model,236.0,226.0,10.0,0.0,198.0,2.0,25
CA_1,FOODS_3_458,baseline,156.0,156.0,0.0,0.0,144.0,12.0,25
CA_1,FOODS_3_458,model,156.0,156.0,0.0,0.0,138.0,6.0,25
CA_1,FOODS_3_473,baseline,191.0,183.0,8.0,0.0,162.0,3.0,25
CA_1,FOODS_3_473,model,191.0,183.0,8.0,0.0,162.0,3.0,25
CA_1,FOODS_3_491,baseline,325.0,319.0,6.0,0.0,282.0,5.0,25
CA_1,FOODS_3_491,model,325.0,264.0,61.0,0.0,222.0,0.0,25
CA_1,FOODS_3_498,baseline,58.0,56.0,2.0,22.0,84.0,24.0,25
CA_1,FOODS_3_498,model,58.0,58.0,0.0,26.0,66.0,0.0,25
CA_1,FOODS_3_499,baseline,294.0,294.0,0.0,42.0,324.0,60.0,25
CA_1,FOODS_3_499,model,294.0,294.0,0.0,30.0,300.0,48.0,25
CA_1,FOODS_3_501,baseline,665.0,665.0,0.0,0.0,618.0,43.0,25
CA_1,FOODS_3_501,model,665.0,562.0,103.0,0.0,486.0,14.0,25
CA_1,FOODS_3_503,baseline,76.0,72.0,4.0,0.0,60.0,0.0,25
CA_1,FOODS_3_503,model,76.0,72.0,4.0,0.0,60.0,0.0,25
CA_1,FOODS_3_511,baseline,612.0,612.0,0.0,0.0,546.0,6.0,25
CA_1,FOODS_3_511,model,612.0,444.0,168.0,0.0,372.0,0.0,25
CA_1,FOODS_3_516,baseline,233.0,228.0,5.0,0.0,198.0,0.0,25
CA_1,FOODS_3_516,model,233.0,228.0,5.0,0.0,198.0,0.0,25
CA_1,FOODS_3_524,baseline,319.0,306.0,13.0,0.0,270.0,0.0,25
CA_1,FOODS_3_524,model,319.0,312.0,7.0,0.0,276.0,0.0,25
CA_1,FOODS_3_541,baseline,27.0,22.0,5.0,24.0,42.0,8.0,25
CA_1,FOODS_3_541,model,27.0,27.0,0.0,62.0,96.0,19.0,25
CA_1,FOODS_3_547,baseline,93.0,48.0,45.0,18.0,60.0,6.0,25
CA_1,FOODS_3_547,model,93.0,53.0,40.0,19.0,60.0,0.0,25
CA_1,FOODS_3_555,baseline,418.0,414.0,4.0,0.0,360.0,0.0,25
CA_1,FOODS_3_555,model,418.0,414.0,4.0,0.0,360.0,0.0,25
CA_1,FOODS_3_570,baseline,174.0,174.0,0.0,0.0,162.0,12.0,25
CA_1,FOODS_3_570,model,174.0,169.0,5.0,0.0,150.0,5.0,25
CA_1,FOODS_3_580,baseline,90.0,73.0,17.0,0.0,66.0,5.0,25
CA_1,FOODS_3_580,model,90.0,75.0,15.0,0.0,66.0,3.0,25
CA_1,FOODS_3_586,baseline,869.0,868.0,1.0,0.0,762.0,2.0,25
CA_1,FOODS_3_586,model,869.0,869.0,0.0,0.0,768.0,7.0,25
CA_1,FOODS_3_587,baseline,752.0,726.0,26.0,0.0,642.0,0.0,25
CA_1,FOODS_3_587,model,752.0,714.0,38.0,0.0,630.0,0.0,25
CA_1,FOODS_3_607,baseline,385.0,385.0,0.0,0.0,348.0,17.0,25
CA_1,FOODS_3_607,model,385.0,382.0,3.0,0.0,342.0,14.0,25
CA_1,FOODS_3_635,baseline,0.0,0.0,0.0,48.0,42.0,6.0,25
CA_1,FOODS_3_635,model,0.0,0.0,0.0,72.0,66.0,6.0,25
CA_1,FOODS_3_652,baseline,169.0,144.0,25.0,0.0,132.0,0.0,25
CA_1,FOODS_3_652,model,169.0,156.0,13.0,0.0,144.0,0.0,25
CA_1,FOODS_3_654,baseline,141.0,132.0,9.0,0.0,114.0,0.0,25
CA_1,FOODS_3_654,model,141.0,132.0,9.0,0.0,114.0,0.0,25
CA_1,FOODS_3_661,baseline,92.0,91.0,1.0,0.0,78.0,5.0,25
CA_1,FOODS_3_661,model,92.0,91.0,1.0,0.0,78.0,5.0,25
CA_1,FOODS_3_668,baseline,160.0,156.0,4.0,0.0,132.0,0.0,25
CA_1,FOODS_3_668,model,160.0,156.0,4.0,0.0,132.0,0.0,25
CA_1,FOODS_3_681,baseline,277.0,264.0,13.0,6.0,228.0,0.0,25
CA_1,FOODS_3_681,model,277.0,270.0,7.0,0.0,228.0,0.0,25
CA_1,FOODS_3_694,baseline,270.0,258.0,12.0,0.0,228.0,0.0,25
CA_1,FOODS_3_694,model,270.0,252.0,18.0,0.0,222.0,0.0,25
CA_1,FOODS_3_695,baseline,145.0,136.0,9.0,0.0,126.0,8.0,25
CA_1,FOODS_3_695,model,145.0,142.0,3.0,0.0,126.0,2.0,25
CA_1,FOODS_3_697,baseline,292.0,292.0,0.0,0.0,258.0,2.0,25
CA_1,FOODS_3_697,model,292.0,282.0,10.0,0.0,246.0,0.0,25
CA_1,FOODS_3_702,baseline,170.0,156.0,14.0,0.0,132.0,0.0,25
CA_1,FOODS_3_702,model,170.0,162.0,8.0,0.0,138.0,0.0,25
CA_1,FOODS_3_711,baseline,118.0,116.0,2.0,46.0,156.0,30.0,25
CA_1,FOODS_3_711,model,118.0,102.0,16.0,18.0,102.0,18.0,25
CA_1,FOODS_3_714,baseline,434.0,432.0,2.0,0.0,378.0,0.0,25
CA_1,FOODS_3_714,model,434.0,432.0,2.0,0.0,378.0,0.0,25
CA_1,FOODS_3_723,baseline,319.0,294.0,25.0,0.0,252.0,0.0,25
CA_1,FOODS_3_723,model,319.0,258.0,61.0,0.0,216.0,0.0,25
CA_1,FOODS_3_734,baseline,119.0,119.0,0.0,0.0,114.0,7.0,25
CA_1,FOODS_3_734,model,119.0,119.0,0.0,0.0,108.0,1.0,25
CA_1,FOODS_3_739,baseline,367.0,367.0,0.0,0.0,324.0,5.0,25
CA_1,FOODS_3_739,model,367.0,367.0,0.0,0.0,324.0,5.0,25
CA_1,FOODS_3_741,baseline,296.0,283.0,13.0,0.0,252.0,11.0,25
CA_1,FOODS_3_741,model,296.0,296.0,0.0,0.0,270.0,16.0,25
CA_1,FOODS_3_744,baseline,348.0,334.0,14.0,0.0,294.0,2.0,25
CA_1,FOODS_3_744,model,348.0,340.0,8.0,0.0,300.0,2.0,25
CA_1,FOODS_3_746,baseline,82.0,80.0,2.0,0.0,72.0,4.0,25
CA_1,FOODS_3_746,model,82.0,80.0,2.0,0.0,72.0,4.0,25
CA_1,FOODS_3_752,baseline,177.0,152.0,25.0,12.0,144.0,10.0,25
CA_1,FOODS_3_752,model,177.0,136.0,41.0,2.0,108.0,0.0,25
CA_1,FOODS_3_755,baseline,245.0,245.0,0.0,0.0,222.0,13.0,25
CA_1,FOODS_3_755,model,245.0,228.0,17.0,0.0,198.0,6.0,25
CA_1,FOODS_3_756,baseline,124.0,124.0,0.0,0.0,108.0,8.0,25
CA_1,FOODS_3_756,model,124.0,124.0,0.0,0.0,108.0,8.0,25
CA_1,FOODS_3_760,baseline,331.0,331.0,0.0,0.0,300.0,29.0,25
CA_1,FOODS_3_760,model,331.0,331.0,0.0,0.0,282.0,11.0,25
CA_1,FOODS_3_767,baseline,83.0,83.0,0.0,0.0,78.0,7.0,25
CA_1,FOODS_3_767,model,83.0,83.0,0.0,0.0,72.0,1.0,25
CA_1,FOODS_3_772,baseline,55.0,54.0,1.0,0.0,48.0,6.0,25
CA_1,FOODS_3_772,model,55.0,54.0,1.0,0.0,48.0,6.0,25
CA_1,FOODS_3_785,baseline,0.0,0.0,0.0,24.0,18.0,0.0,25
CA_1,FOODS_3_785,model,0.0,0.0,0.0,138.0,144.0,12.0,25
CA_1,FOODS_3_789,baseline,101.0,101.0,0.0,0.0,84.0,1.0,25
CA_1,FOODS_3_789,model,101.0,101.0,0.0,0.0,84.0,1.0,25
CA_1,FOODS_3_795,baseline,119.0,108.0,11.0,0.0,96.0,0.0,25
CA_1,FOODS_3_795,model,119.0,114.0,5.0,0.0,102.0,0.0,25
CA_1,FOODS_3_804,baseline,37.0,6.0,31.0,6.0,6.0,0.0,25
CA_1,FOODS_3_804,model,37.0,34.0,3.0,8.0,36.0,0.0,25
CA_1,FOODS_3_808,baseline,34.0,34.0,0.0,32.0,66.0,18.0,25
CA_1,FOODS_3_808,model,34.0,34.0,0.0,56.0,96.0,24.0,25
CA_1,FOODS_3_811,baseline,215.0,210.0,5.0,0.0,186.0,0.0,25
CA_1,FOODS_3_811,model,215.0,210.0,5.0,0.0,186.0,0.0,25
CA_2,FOODS_1_012,baseline,324.0,318.0,6.0,0.0,276.0,0.0,25
CA_2,FOODS_1_012,model,324.0,306.0,18.0,0.0,264.0,0.0,25
CA_2,FOODS_1_018,baseline,335.0,294.0,41.0,0.0,258.0,0.0,25
CA_2,FOODS_1_018,model,335.0,281.0,54.0,0.0,246.0,1.0,25
CA_2,FOODS_1_032,baseline,136.0,108.0,28.0,0.0,90.0,0.0,25
CA_2,FOODS_1_032,model,136.0,96.0,40.0,0.0,78.0,0.0,25
CA_2,FOODS_1_043,baseline,0.0,0.0,0.0,42.0,48.0,12.0,25
CA_2,FOODS_1_043,model,0.0,0.0,0.0,72.0,72.0,6.0,25
CA_2,FOODS_1_046,baseline,175.0,147.0,28.0,0.0,132.0,9.0,25
CA_2,FOODS_1_046,model,175.0,141.0,34.0,0.0,126.0,9.0,25
CA_2,FOODS_1_082,baseline,214.0,180.0,34.0,0.0,156.0,0.0,25
CA_2,FOODS_1_082,model,214.0,168.0,46.0,0.0,144.0,0.0,25
CA_2,FOODS_1_085,baseline,273.0,248.0,25.0,0.0,228.0,10.0,25
CA_2,FOODS_1_085,model,273.0,248.0,25.0,0.0,228.0,10.0,25
CA_2,FOODS_1_099,baseline,193.0,193.0,0.0,0.0,168.0,5.0,25
CA_2,FOODS_1_099,model,193.0,192.0,1.0,0.0,168.0,6.0,25
CA_2,FOODS_1_104,baseline,150.0,142.0,8.0,0.0,126.0,8.0,25
CA_2,FOODS_1_104,model,150.0,140.0,10.0,0.0,120.0,4.0,25
CA_2,FOODS_1_110,baseline,0.0,0.0,0.0,42.0,36.0,0.0,25
CA_2,FOODS_1_110,model,0.0,0.0,0.0,54.0,54.0,6.0,25
CA_2,FOODS_1_154,baseline,113.0,102.0,11.0,0.0,84.0,0.0,25
CA_2,FOODS_1_154,model,113.0,96.0,17.0,0.0,78.0,0.0,25
CA_2,FOODS_1_161,baseline,201.0,196.0,5.0,0.0,174.0,8.0,25
CA_2,FOODS_1_161,model,201.0,190.0,11.0,0.0,174.0,14.0,25
CA_2,FOODS_1_170,baseline,226.0,221.0,5.0,0.0,192.0,1.0,25
CA_2,FOODS_1_170,model,226.0,221.0,5.0,0.0,192.0,1.0,25
CA_2,FOODS_1_173,baseline,191.0,179.0,12.0,0.0,162.0,7.0,25
CA_2,FOODS_1_173,model,191.0,183.0,8.0,0.0,168.0,9.0,25
CA_2,FOODS_1_200,baseline,215.0,198.0,17.0,0.0,168.0,0.0,25
CA_2,FOODS_1_200,model,215.0,186.0,29.0,0.0,156.0,0.0,25
CA_2,FOODS_1_217,baseline,158.0,138.0,20.0,0.0,120.0,6.0,25
CA_2,FOODS_1_217,model,158.0,130.0,28.0,0.0,108.0,2.0,25
CA_2,FOODS_1_218,baseline,211.0,211.0,0.0,41.0,222.0,18.0,25
CA_2,FOODS_1_218,model,211.0,207.0,4.0,15.0,192.0,18.0,25
CA_2,FOODS_2_019,baseline,82.0,74.0,8.0,0.0,66.0,4.0,25
CA_2,FOODS_2_019,model,82.0,72.0,10.0,0.0,60.0,0.0,25
CA_2,FOODS_2_131,baseline,81.0,75.0,6.0,0.0,66.0,3.0,25
CA_2,FOODS_2_131,model,81.0,73.0,8.0,0.0,66.0,5.0,25
CA_2,FOODS_2_181,baseline,81.0,72.0,9.0,0.0,60.0,0.0,25
CA_2,FOODS_2_181,model,81.0,72.0,9.0,0.0,60.0,0.0,25
CA_2,FOODS_2_197,baseline,131.0,123.0,8.0,0.0,114.0,9.0,25
CA_2,FOODS_2_197,model,131.0,111.0,20.0,0.0,96.0,3.0,25
CA_2,FOODS_2_204,baseline,167.0,156.0,11.0,0.0,138.0,0.0,25
CA_2,FOODS_2_204,model,167.0,129.0,38.0,0.0,114.0,3.0,25
CA_2,FOODS_2_222,baseline,95.0,93.0,2.0,0.0,84.0,9.0,25
CA_2,FOODS_2_222,model,95.0,91.0,4.0,0.0,78.0,5.0,25
CA_2,FOODS_2_244,baseline,124.0,124.0,0.0,0.0,114.0,8.0,25
CA_2,FOODS_2_244,model,124.0,108.0,16.0,0.0,90.0,0.0,25
CA_2,FOODS_2_276,baseline,74.0,71.0,3.0,1.0,60.0,0.0,25
CA_2,FOODS_2_276,model,74.0,64.0,10.0,0.0,54.0,2.0,25
CA_2,FOODS_2_325,baseline,86.0,86.0,0.0,0.0,84.0,16.0,25
CA_2,FOODS_2_325,model,86.0,80.0,6.0,0.0,72.0,10.0,25
CA_2,FOODS_2_326,baseline,175.0,175.0,0.0,0.0,150.0,5.0,25
CA_2,FOODS_2_326,model,175.0,174.0,1.0,0.0,144.0,0.0,25
CA_2,FOODS_2_347,baseline,259.0,240.0,19.0,0.0,204.0,0.0,25
CA_2,FOODS_2_347,model,259.0,234.0,25.0,0.0,198.0,0.0,25
CA_2,FOODS_2_360,baseline,155.0,6.0,149.0,0.0,0.0,0.0,25
CA_2,FOODS_2_360,model,155.0,106.0,49.0,0.0,102.0,2.0,25
CA_2,FOODS_2_371,baseline,128.0,128.0,0.0,0.0,114.0,4.0,25
CA_2,FOODS_2_371,model,128.0,125.0,3.0,0.0,108.0,1.0,25
CA_2,FOODS_3_007,baseline,60.0,60.0,0.0,42.0,96.0,18.0,25
CA_2,FOODS_3_007,model,60.0,60.0,0.0,16.0,66.0,14.0,25
CA_2,FOODS_3_008,baseline,0.0,0.0,0.0,30.0,30.0,6.0,25
CA_2,FOODS_3_008,model,0.0,0.0,0.0,18.0,18.0,6.0,25
CA_2,FOODS_3_020,baseline,158.0,138.0,20.0,0.0,120.0,0.0,25
CA_2,FOODS_3_020,model,158.0,107.0,51.0,0.0,90.0,1.0,25
CA_2,FOODS_3_064,baseline,400.0,336.0,64.0,0.0,300.0,0.0,25
CA_2,FOODS_3_064,model,400.0,336.0,64.0,0.0,300.0,0.0,25
CA_2,FOODS_3_066,baseline,162.0,162.0,0.0,34.0,186.0,26.0,25
CA_2,FOODS_3_066,model,162.0,162.0,0.0,0.0,138.0,12.0,25
CA_2,FOODS_3_077,baseline,39.0,36.0,3.0,24.0,60.0,18.0,25
CA_2,FOODS_3_077,model,39.0,39.0,0.0,15.0,54.0,18.0,25
CA_2,FOODS_3_080,baseline,334.0,334.0,0.0,0.0,294.0,8.0,25
CA_2,FOODS_3_080,model,334.0,334.0,0.0,0.0,294.0,8.0,25
CA_2,FOODS_3_086,baseline,106.0,99.0,7.0,0.0,84.0,3.0,25
CA_2,FOODS_3_086,model,106.0,93.0,13.0,0.0,78.0,3.0,25
CA_2,FOODS_3_090,baseline,959.0,948.0,11.0,0.0,810.0,0.0,25
CA_2,FOODS_3_090,model,959.0,564.0,395.0,0.0,426.0,0.0,25
CA_2,FOODS_3_099,baseline,164.0,164.0,0.0,0.0,138.0,4.0,25
CA_2,FOODS_3_099,model,164.0,164.0,0.0,0.0,138.0,4.0,25
CA_2,FOODS_3_107,baseline,73.0,71.0,2.0,2.0,66.0,5.0,25
CA_2,FOODS_3_107,model,73.0,73.0,0.0,0.0,66.0,5.0,25
CA_2,FOODS_3_120,baseline,216.0,216.0,0.0,94.0,276.0,32.0,25
CA_2,FOODS_3_120,model,216.0,216.0,0.0,94.0,264.0,20.0,25
CA_2,FOODS_3_124,baseline,96.0,77.0,19.0,0.0,72.0,7.0,25
CA_2,FOODS_3_124,model,96.0,89.0,7.0,0.0,84.0,7.0,25
CA_2,FOODS_3_135,baseline,101.0,101.0,0.0,0.0,84.0,1.0,25
CA_2,FOODS_3_135,model,101.0,96.0,5.0,0.0,78.0,0.0,25
CA_2,FOODS_3_148,baseline,89.0,84.0,5.0,6.0,72.0,0.0,25
CA_2,FOODS_3_148,model,89.0,65.0,24.0,1.0,48.0,0.0,25
CA_2,FOODS_3_202,baseline,296.0,289.0,7.0,0.0,258.0,5.0,25
CA_2,FOODS_3_202,model,296.0,283.0,13.0,0.0,258.0,11.0,25
CA_2,FOODS_3_226,baseline,78.0,78.0,0.0,1.0,78.0,17.0,25
CA_2,FOODS_3_226,model,78.0,78.0,0.0,1.0,72.0,11.0,25
CA_2,FOODS_3_228,baseline,170.0,164.0,6.0,0.0,144.0,4.0,25
CA_2,FOODS_3_228,model,170.0,162.0,8.0,0.0,138.0,0.0,25
CA_2,FOODS_3_233,baseline,210.0,6.0,204.0,0.0,0.0,0.0,25
CA_2,FOODS_3_233,model,210.0,98.0,112.0,0.0,96.0,4.0,25
CA_2,FOODS_3_234,baseline,140.0,60.0,80.0,0.0,66.0,18.0,25
CA_2,FOODS_3_234,model,140.0,84.0,56.0,0.0,84.0,12.0,25
CA_2,FOODS_3_245,baseline,97.0,94.0,3.0,0.0,78.0,2.0,25
CA_2,FOODS_3_245,model,97.0,96.0,1.0,0.0,78.0,0.0,25
CA_2,FOODS_3_252,baseline,741.0,741.0,0.0,0.0,648.0,15.0,25
CA_2,FOODS_3_252,model,741.0,738.0,3.0,0.0,630.0,0.0,25
CA_2,FOODS_3_282,baseline,232.0,232.0,0.0,27.0,210.0,11.0,25
CA_2,FOODS_3_282,model,232.0,231.0,1.0,15.0,186.0,0.0,25
CA_2,FOODS_3_288,baseline,670.0,670.0,0.0,0.0,594.0,14.0,25
CA_2,FOODS_3_288,model,670.0,670.0,0.0,0.0,588.0,8.0,25
CA_2,FOODS_3_295,baseline,181.0,173.0,8.0,0.0,150.0,1.0,25
CA_2,FOODS_3_295,model,181.0,162.0,19.0,0.0,138.0,0.0,25
CA_2,FOODS_3_313,baseline,81.0,81.0,0.0,5.0,72.0,4.0,25
CA_2,FOODS_3_313,model,81.0,76.0,5.0,2.0,60.0,0.0,25
CA_2,FOODS_3_318,baseline,278.0,225.0,53.0,0.0,198.0,27.0,25
CA_2,FOODS_3_318,model,278.0,242.0,36.0,0.0,192.0,4.0,25
CA_2,FOODS_3_319,baseline,513.0,513.0,0.0,0.0,450.0,15.0,25
CA_2,FOODS_3_319,model,513.0,504.0,9.0,0.0,438.0,12.0,25
CA_2,FOODS_3_321,baseline,127.0,127.0,0.0,0.0,120.0,11.0,25
CA_2,FOODS_3_321,model,127.0,125.0,2.0,0.0,114.0,7.0,25
CA_2,FOODS_3_324,baseline,5.0,5.0,0.0,7.0,6.0,0.0,25
CA_2,FOODS_3_324,model,5.0,5.0,0.0,31.0,30.0,0.0,25
CA_2,FOODS_3_329,baseline,305.0,305.0,0.0,0.0,258.0,7.0,25
CA_2,FOODS_3_329,model,305.0,300.0,5.0,0.0,246.0,0.0,25
CA_2,FOODS_3_348,baseline,96.0,90.0,6.0,0.0,78.0,0.0,25
CA_2,FOODS_3_348,model,96.0,84.0,12.0,0.0,72.0,0.0,25
CA_2,FOODS_3_349,baseline,114.0,105.0,9.0,0.0,96.0,3.0,25
CA_2,FOODS_3_349,model,114.0,93.0,21.0,0.0,84.0,3.0,25
CA_2,FOODS_3_351,baseline,158.0,152.0,6.0,0.0,144.0,10.0,25
CA_2,FOODS_3_351,model,158.0,118.0,40.0,0.0,102.0,2.0,25
CA_2,FOODS_3_362,baseline,399.0,6.0,393.0,0.0,0.0,0.0,25
CA_2,FOODS_3_362,model,399.0,180.0,219.0,0.0,174.0,0.0,25
CA_2,FOODS_3_363,baseline,129.0,129.0,0.0,0.0,114.0,9.0,25
CA_2,FOODS_3_363,model,129.0,129.0,0.0,0.0,114.0,9.0,25
CA_2,FOODS_3_377,baseline,60.0,60.0,0.0,6.0,54.0,6.0,25
CA_2,FOODS_3_377,model,60.0,60.0,0.0,6.0,54.0,6.0,25
CA_2,FOODS_3_389,baseline,202.0,201.0,1.0,0.0,174.0,3.0,25
CA_2,FOODS_3_389,model,202.0,202.0,0.0,0.0,174.0,2.0,25
CA_2,FOODS_3_403,baseline,190.0,188.0,2.0,0.0,168.0,4.0,25
CA_2,FOODS_3_403,model,190.0,180.0,10.0,0.0,156.0,0.0,25
CA_2,FOODS_3_404,baseline,39.0,39.0,0.0,22.0,54.0,5.0,25
CA_2,FOODS_3_404,model,39.0,39.0,0.0,17.0,48.0,4.0,25
CA_2,FOODS_3_406,baseline,120.0,120.0,0.0,0.0,114.0,18.0,25
CA_2,FOODS_3_406,model,120.0,118.0,2.0,0.0,108.0,14.0,25
CA_2,FOODS_3_455,baseline,104.0,97.0,7.0,0.0,84.0,5.0,25
CA_2,FOODS_3_455,model,104.0,97.0,7.0,0.0,84.0,5.0,25
CA_2,FOODS_3_458,baseline,239.0,239.0,0.0,0.0,204.0,1.0,25
CA_2,FOODS_3_458,model,239.0,228.0,11.0,0.0,192.0,0.0,25
CA_2,FOODS_3_473,baseline,84.0,84.0,0.0,0.0,78.0,6.0,25
CA_2,FOODS_3_473,model,84.0,84.0,0.0,0.0,78.0,6.0,25
CA_2,FOODS_3_491,baseline,207.0,207.0,0.0,0.0,186.0,9.0,25
CA_2,FOODS_3_491,model,207.0,179.0,28.0,0.0,156.0,7.0,25
CA_2,FOODS_3_498,baseline,33.0,33.0,0.0,15.0,48.0,12.0,25
CA_2,FOODS_3_498,model,33.0,33.0,0.0,11.0,42.0,10.0,25
CA_2,FOODS_3_499,baseline,161.0,161.0,0.0,28.0,156.0,21.0,25
CA_2,FOODS_3_499,model,161.0,161.0,0.0,35.0,162.0,20.0,25
CA_2,FOODS_3_501,baseline,144.0,144.0,0.0,0.0,132.0,12.0,25
CA_2,FOODS_3_501,model,144.0,136.0,8.0,0.0,114.0,2.0,25
CA_2,FOODS_3_503,baseline,121.0,120.0,1.0,0.0,108.0,6.0,25
CA_2,FOODS_3_503,model,121.0,119.0,2.0,0.0,108.0,7.0,25
CA_2,FOODS_3_511,baseline,134.0,134.0,0.0,0.0,114.0,4.0,25
CA_2,FOODS_3_511,model,134.0,126.0,8.0,0.0,102.0,0.0,25
CA_2,FOODS_3_516,baseline,152.0,152.0,0.0,34.0,174.0,30.0,25
CA_2,FOODS_3_516,model,152.0,152.0,0.0,4.0,132.0,18.0,25
CA_2,FOODS_3_524,baseline,141.0,127.0,14.0,0.0,114.0,5.0,25
CA_2,FOODS_3_524,model,141.0,127.0,14.0,0.0,114.0,5.0,25
CA_2,FOODS_3_541,baseline,434.0,434.0,0.0,0.0,366.0,4.0,25
CA_2,FOODS_3_541,model,434.0,434.0,0.0,0.0,378.0,16.0,25
CA_2,FOODS_3_547,baseline,41.0,29.0,12.0,7.0,30.0,6.0,25
CA_2,FOODS_3_547,model,41.0,33.0,8.0,9.0,36.0,6.0,25
CA_2,FOODS_3_555,baseline,460.0,460.0,0.0,0.0,402.0,2.0,25
CA_2,FOODS_3_555,model,460.0,456.0,4.0,0.0,396.0,0.0,25
CA_2,FOODS_3_570,baseline,110.0,106.0,4.0,0.0,96.0,2.0,25
CA_2,FOODS_3_570,model,110.0,102.0,8.0,0.0,90.0,0.0,25
CA_2,FOODS_3_580,baseline,93.0,77.0,16.0,24.0,96.0,13.0,25
CA_2,FOODS_3_580,model,93.0,71.0,22.0,9.0,66.0,4.0,25
CA_2,FOODS_3_586,baseline,818.0,816.0,2.0,0.0,708.0,0.0,25
CA_2,FOODS_3_586,model,818.0,804.0,14.0,0.0,696.0,0.0,25
CA_2,FOODS_3_587,baseline,398.0,398.0,0.0,0.0,354.0,10.0,25
CA_2,FOODS_3_587,model,398.0,398.0,0.0,0.0,348.0,4.0,25
CA_2,FOODS_3_607,baseline,157.0,157.0,0.0,0.0,138.0,11.0,25
CA_2,FOODS_3_607,model,157.0,154.0,3.0,0.0,132.0,8.0,25
CA_2,FOODS_3_635,baseline,450.0,433.0,17.0,0.0,378.0,11.0,25
CA_2,FOODS_3_635,model,450.0,443.0,7.0,0.0,390.0,13.0,25
CA_2,FOODS_3_652,baseline,143.0,143.0,0.0,0.0,132.0,7.0,25
CA_2,FOODS_3_652,model,143.0,136.0,7.0,0.0,120.0,2.0,25
CA_2,FOODS_3_654,baseline,77.0,74.0,3.0,0.0,66.0,4.0,25
CA_2,FOODS_3_654,model,77.0,72.0,5.0,0.0,60.0,0.0,25
CA_2,FOODS_3_661,baseline,100.0,100.0,0.0,0.0,90.0,2.0,25
CA_2,FOODS_3_661,model,100.0,96.0,4.0,0.0,84.0,0.0,25
CA_2,FOODS_3_668,baseline,123.0,120.0,3.0,0.0,102.0,0.0,25
CA_2,FOODS_3_668,model,123.0,120.0,3.0,0.0,102.0,0.0,25
CA_2,FOODS_3_681,baseline,283.0,269.0,14.0,0.0,228.0,1.0,25
CA_2,FOODS_3_681,model,283.0,274.0,9.0,0.0,234.0,2.0,25
CA_2,FOODS_3_694,baseline,168.0,168.0,0.0,0.0,150.0,6.0,25
CA_2,FOODS_3_694,model,168.0,168.0,0.0,0.0,144.0,0.0,25
CA_2,FOODS_3_695,baseline,89.0,89.0,0.0,3.0,84.0,4.0,25
CA_2,FOODS_3_695,model,89.0,89.0,0.0,1.0,84.0,6.0,25
CA_2,FOODS_3_697,baseline,189.0,189.0,0.0,0.0,162.0,3.0,25
CA_2,FOODS_3_697,model,189.0,189.0,0.0,0.0,162.0,3.0,25
CA_2,FOODS_3_702,baseline,89.0,88.0,1.0,8.0,84.0,0.0,25
CA_2,FOODS_3_702,model,89.0,80.0,9.0,4.0,72.0,0.0,25
CA_2,FOODS_3_711,baseline,72.0,54.0,18.0,24.0,84.0,24.0,25
CA_2,FOODS_3_711,model,72.0,48.0,24.0,12.0,54.0,12.0,25
CA_2,FOODS_3_714,baseline,346.0,346.0,0.0,0.0,300.0,14.0,25
CA_2,FOODS_3_714,model,346.0,346.0,0.0,0.0,306.0,20.0,25
CA_2,FOODS_3_723,baseline,272.0,270.0,2.0,0.0,228.0,0.0,25
CA_2,FOODS_3_723,model,272.0,210.0,62.0,0.0,168.0,0.0,25
CA_2,FOODS_3_734,baseline,96.0,95.0,1.0,1.0,90.0,12.0,25
CA_2,FOODS_3_734,model,96.0,95.0,1.0,0.0,84.0,7.0,25
CA_2,FOODS_3_739,baseline,501.0,501.0,0.0,0.0,426.0,3.0,25
CA_2,FOODS_3_739,model,501.0,492.0,9.0,0.0,414.0,0.0,25
CA_2,FOODS_3_741,baseline,132.0,130.0,2.0,0.0,114.0,2.0,25
CA_2,FOODS_3_741,model,132.0,131.0,1.0,0.0,120.0,7.0,25
CA_2,FOODS_3_744,baseline,131.0,131.0,0.0,0.0,114.0,7.0,25
CA_2,FOODS_3_744,model,131.0,126.0,5.0,0.0,102.0,0.0,25
CA_2,FOODS_3_746,baseline,92.0,87.0,5.0,0.0,72.0,3.0,25
CA_2,FOODS_3_746,model,92.0,81.0,11.0,0.0,66.0,3.0,25
CA_2,FOODS_3_752,baseline,0.0,0.0,0.0,30.0,30.0,6.0,25
CA_2,FOODS_3_752,model,0.0,0.0,0.0,18.0,18.0,6.0,25
CA_2,FOODS_3_755,baseline,211.0,192.0,19.0,0.0,168.0,0.0,25
CA_2,FOODS_3_755,model,211.0,144.0,67.0,0.0,120.0,0.0,25
CA_2,FOODS_3_756,baseline,159.0,156.0,3.0,0.0,126.0,0.0,25
CA_2,FOODS_3_756,model,159.0,156.0,3.0,0.0,126.0,0.0,25
CA_2,FOODS_3_760,baseline,230.0,230.0,0.0,0.0,204.0,16.0,25
CA_2,FOODS_3_760,model,230.0,230.0,0.0,0.0,198.0,10.0,25
CA_2,FOODS_3_767,baseline,268.0,262.0,6.0,0.0,246.0,20.0,25
CA_2,FOODS_3_767,model,268.0,244.0,24.0,0.0,222.0,14.0,25
CA_2,FOODS_3_772,baseline,45.0,45.0,0.0,3.0,42.0,0.0,25
CA_2,FOODS_3_772,model,45.0,44.0,1.0,0.0,42.0,4.0,25
CA_2,FOODS_3_785,baseline,7.0,7.0,0.0,11.0,12.0,0.0,25
CA_2,FOODS_3_785,model,7.0,7.0,0.0,47.0,54.0,6.0,25
CA_2,FOODS_3_789,baseline,196.0,192.0,4.0,0.0,162.0,0.0,25
CA_2,FOODS_3_789,model,196.0,186.0,10.0,0.0,156.0,0.0,25
CA_2,FOODS_3_795,baseline,153.0,150.0,3.0,0.0,132.0,6.0,25
CA_2,FOODS_3_795,model,153.0,147.0,6.0,0.0,126.0,3.0,25
CA_2,FOODS_3_804,baseline,334.0,312.0,22.0,0.0,276.0,0.0,25
CA_2,FOODS_3_804,model,334.0,318.0,16.0,0.0,282.0,0.0,25
CA_2,FOODS_3_808,baseline,241.0,232.0,9.0,0.0,222.0,26.0,25
CA_2,FOODS_3_808,model,241.0,238.0,3.0,0.0,228.0,26.0,25
CA_2,FOODS_3_811,baseline,103.0,103.0,0.0,11.0,102.0,18.0,25
CA_2,FOODS_3_811,model,103.0,103.0,0.0,0.0,84.0,11.0,25
CA_3,FOODS_1_012,baseline,77.0,75.0,2.0,45.0,96.0,0.0,25
CA_3,FOODS_1_012,model,77.0,77.0,0.0,39.0,96.0,4.0,25
CA_3,FOODS_1_018,baseline,421.0,390.0,31.0,0.0,342.0,0.0,25
CA_3,FOODS_1_018,model,421.0,360.0,61.0,0.0,312.0,0.0,25
CA_3,FOODS_1_032,baseline,192.0,188.0,4.0,24.0,186.0,10.0,25
CA_3,FOODS_1_032,model,192.0,190.0,2.0,16.0,174.0,4.0,25
CA_3,FOODS_1_043,baseline,1.0,1.0,0.0,77.0,84.0,12.0,25
CA_3,FOODS_1_043,model,1.0,1.0,0.0,107.0,114.0,12.0,25
CA_3,FOODS_1_046,baseline,126.0,126.0,0.0,12.0,120.0,6.0,25
CA_3,FOODS_1_046,model,126.0,126.0,0.0,6.0,114.0,6.0,25
CA_3,FOODS_1_082,baseline,88.0,72.0,16.0,0.0,66.0,6.0,25
CA_3,FOODS_1_082,model,88.0,77.0,11.0,0.0,72.0,7.0,25
CA_3,FOODS_1_085,baseline,190.0,181.0,9.0,0.0,156.0,11.0,25
CA_3,FOODS_1_085,model,190.0,182.0,8.0,0.0,156.0,10.0,25
CA_3,FOODS_1_099,baseline,239.0,222.0,17.0,0.0,198.0,6.0,25
CA_3,FOODS_1_099,model,239.0,216.0,23.0,0.0,186.0,0.0,25
CA_3,FOODS_1_104,baseline,139.0,131.0,8.0,14.0,126.0,11.0,25
CA_3,FOODS_1_104,model,139.0,131.0,8.0,6.0,114.0,7.0,25
CA_3,FOODS_1_110,baseline,1.0,1.0,0.0,65.0,66.0,6.0,25
CA_3,FOODS_1_110,model,1.0,1.0,0.0,89.0,102.0,18.0,25
CA_3,FOODS_1_154,baseline,173.0,168.0,5.0,0.0,144.0,0.0,25
CA_3,FOODS_1_154,model,173.0,168.0,5.0,0.0,144.0,0.0,25
CA_3,FOODS_1_161,baseline,195.0,186.0,9.0,0.0,168.0,6.0,25
CA_3,FOODS_1_161,model,195.0,192.0,3.0,0.0,174.0,6.0,25
CA_3,FOODS_1_170,baseline,298.0,282.0,16.0,0.0,252.0,0.0,25
CA_3,FOODS_1_170,model,298.0,282.0,16.0,0.0,252.0,0.0,25
CA_3,FOODS_1_173,baseline,182.0,174.0,8.0,0.0,144.0,0.0,25
CA_3,FOODS_1_173,model,182.0,168.0,14.0,0.0,138.0,0.0,25
CA_3,FOODS_1_200,baseline,216.0,216.0,0.0,7.0,198.0,23.0,25
CA_3,FOODS_1_200,model,216.0,210.0,6.0,1.0,180.0,17.0,25
CA_3,FOODS_1_217,baseline,209.0,198.0,11.0,0.0,162.0,0.0,25
CA_3,FOODS_1_217,model,209.0,198.0,11.0,0.0,162.0,0.0,25
CA_3,FOODS_1_218,baseline,369.0,339.0,30.0,0.0,294.0,9.0,25
CA_3,FOODS_1_218,model,369.0,333.0,36.0,0.0,288.0,9.0,25
CA_3,FOODS_2_019,baseline,267.0,266.0,1.0,0.0,240.0,10.0,25
CA_3,FOODS_2_019,model,267.0,266.0,1.0,0.0,240.0,10.0,25
CA_3,FOODS_2_131,baseline,156.0,148.0,8.0,0.0,138.0,14.0,25
CA_3,FOODS_2_131,model,156.0,154.0,2.0,0.0,144.0,14.0,25
CA_3,FOODS_2_181,baseline,247.0,245.0,2.0,0.0,216.0,1.0,25
CA_3,FOODS_2_181,model,247.0,246.0,1.0,0.0,216.0,0.0,25
CA_3,FOODS_2_197,baseline,307.0,307.0,0.0,0.0,276.0,5.0,25
CA_3,FOODS_2_197,model,307.0,307.0,0.0,0.0,276.0,5.0,25
CA_3,FOODS_2_204,baseline,131.0,131.0,0.0,13.0,126.0,12.0,25
CA_3,FOODS_2_204,model,131.0,131.0,0.0,7.0,114.0,6.0,25
CA_3,FOODS_2_222,baseline,153.0,153.0,0.0,0.0,144.0,15.0,25
CA_3,FOODS_2_222,model,153.0,153.0,0.0,0.0,144.0,15.0,25
CA_3,FOODS_2_244,baseline,245.0,245.0,0.0,0.0,210.0,1.0,25
CA_3,FOODS_2_244,model,245.0,245.0,0.0,0.0,210.0,1.0,25
CA_3,FOODS_2_276,baseline,247.0,234.0,13.0,0.0,216.0,6.0,25
CA_3,FOODS_2_276,model,247.0,246.0,1.0,0.0,222.0,0.0,25
CA_3,FOODS_2_325,baseline,162.0,153.0,9.0,0.0,144.0,9.0,25
CA_3,FOODS_2_325,model,162.0,159.0,3.0,0.0,150.0,9.0,25
CA_3,FOODS_2_326,baseline,424.0,398.0,26.0,0.0,372.0,28.0,25
CA_3,FOODS_2_326,model,424.0,403.0,21.0,0.0,360.0,11.0,25
CA_3,FOODS_2_347,baseline,322.0,322.0,0.0,0.0,294.0,20.0,25
CA_3,FOODS_2_347,model,322.0,322.0,0.0,0.0,288.0,14.0,25
CA_3,FOODS_2_360,baseline,304.0,105.0,199.0,0.0,102.0,3.0,25
CA_3,FOODS_2_360,model,304.0,231.0,73.0,0.0,234.0,9.0,25
CA_3,FOODS_2_371,baseline,170.0,170.0,0.0,0.0,156.0,10.0,25
CA_3,FOODS_2_371,model,170.0,170.0,0.0,0.0,150.0,4.0,25
CA_3,FOODS_3_007,baseline,171.0,170.0,1.0,0.0,144.0,10.0,25
CA_3,FOODS_3_007,model,171.0,171.0,0.0,0.0,150.0,15.0,25
CA_3,FOODS_3_008,baseline,0.0,0.0,0.0,18.0,12.0,0.0,25
CA_3,FOODS_3_008,model,0.0,0.0,0.0,18.0,24.0,12.0,25
CA_3,FOODS_3_020,baseline,243.0,233.0,10.0,0.0,204.0,1.0,25
CA_3,FOODS_3_020,model,243.0,204.0,39.0,0.0,174.0,0.0,25
CA_3,FOODS_3_064,baseline,102.0,90.0,12.0,3.0,84.0,9.0,25
CA_3,FOODS_3_064,model,102.0,96.0,6.0,3.0,84.0,3.0,25
CA_3,FOODS_3_066,baseline,180.0,180.0,0.0,38.0,180.0,4.0,25
CA_3,FOODS_3_066,model,180.0,180.0,0.0,0.0,144.0,6.0,25
CA_3,FOODS_3_077,baseline,80.0,80.0,0.0,22.0,96.0,18.0,25
CA_3,FOODS_3_077,model,80.0,80.0,0.0,22.0,84.0,6.0,25
CA_3,FOODS_3_080,baseline,324.0,324.0,0.0,0.0,288.0,6.0,25
CA_3,FOODS_3_080,model,324.0,324.0,0.0,0.0,294.0,12.0,25
CA_3,FOODS_3_086,baseline,339.0,339.0,0.0,1.0,294.0,32.0,25
CA_3,FOODS_3_086,model,339.0,324.0,15.0,0.0,246.0,0.0,25
CA_3,FOODS_3_090,baseline,2535.0,2535.0,0.0,0.0,2220.0,15.0,25
CA_3,FOODS_3_090,model,2535.0,1152.0,1383.0,0.0,822.0,0.0,25
CA_3,FOODS_3_099,baseline,298.0,298.0,0.0,0.0,270.0,8.0,25
CA_3,FOODS_3_099,model,298.0,298.0,0.0,0.0,270.0,8.0,25
CA_3,FOODS_3_107,baseline,206.0,206.0,0.0,0.0,186.0,10.0,25
CA_3,FOODS_3_107,model,206.0,206.0,0.0,0.0,186.0,10.0,25
CA_3,FOODS_3_120,baseline,765.0,765.0,0.0,270.0,870.0,21.0,25
CA_3,FOODS_3_120,model,765.0,765.0,0.0,282.0,876.0,15.0,25
CA_3,FOODS_3_124,baseline,113.0,113.0,0.0,0.0,96.0,1.0,25
CA_3,FOODS_3_124,model,113.0,113.0,0.0,0.0,102.0,7.0,25
CA_3,FOODS_3_135,baseline,280.0,276.0,4.0,0.0,234.0,0.0,25
CA_3,FOODS_3_135,model,280.0,280.0,0.0,0.0,240.0,2.0,25
CA_3,FOODS_3_148,baseline,212.0,162.0,50.0,0.0,138.0,0.0,25
CA_3,FOODS_3_148,model,212.0,150.0,62.0,0.0,126.0,0.0,25
CA_3,FOODS_3_202,baseline,481.0,481.0,0.0,0.0,414.0,11.0,25
CA_3,FOODS_3_202,model,481.0,481.0,0.0,0.0,408.0,5.0,25
CA_3,FOODS_3_226,baseline,156.0,156.0,0.0,0.0,132.0,0.0,25
CA_3,FOODS_3_226,model,156.0,156.0,0.0,0.0,132.0,0.0,25
CA_3,FOODS_3_228,baseline,143.0,142.0,1.0,0.0,126.0,2.0,25
CA_3,FOODS_3_228,model,143.0,142.0,1.0,0.0,126.0,2.0,25
CA_3,FOODS_3_233,baseline,759.0,60.0,699.0,0.0,54.0,0.0,25
CA_3,FOODS_3_233,model,759.0,324.0,435.0,0.0,318.0,0.0,25
CA_3,FOODS_3_234,baseline,272.0,272.0,0.0,2.0,246.0,26.0,25
CA_3,FOODS_3_234,model,272.0,272.0,0.0,13.0,240.0,9.0,25
CA_3,FOODS_3_245,baseline,131.0,127.0,4.0,0.0,114.0,11.0,25
CA_3,FOODS_3_245,model,131.0,131.0,0.0,0.0,114.0,7.0,25
CA_3,FOODS_3_252,baseline,911.0,902.0,9.0,0.0,798.0,10.0,25
CA_3,FOODS_3_252,model,911.0,911.0,0.0,0.0,810.0,13.0,25
CA_3,FOODS_3_282,baseline,1478.0,1478.0,0.0,0.0,1320.0,4.0,25
CA_3,FOODS_3_282,model,1478.0,1200.0,278.0,0.0,1038.0,0.0,25
CA_3,FOODS_3_288,baseline,856.0,856.0,0.0,0.0,756.0,8.0,25
CA_3,FOODS_3_288,model,856.0,852.0,4.0,0.0,744.0,0.0,25
CA_3,FOODS_3_295,baseline,491.0,444.0,47.0,0.0,390.0,0.0,25
CA_3,FOODS_3_295,model,491.0,462.0,29.0,0.0,408.0,0.0,25
CA_3,FOODS_3_313,baseline,434.0,434.0,0.0,0.0,390.0,16.0,25
CA_3,FOODS_3_313,model,434.0,427.0,7.0,0.0,372.0,5.0,25
CA_3,FOODS_3_318,baseline,551.0,354.0,197.0,0.0,300.0,12.0,25
CA_3,FOODS_3_318,model,551.0,486.0,65.0,0.0,420.0,0.0,25
CA_3,FOODS_3_319,baseline,408.0,406.0,2.0,0.0,366.0,8.0,25
CA_3,FOODS_3_319,model,408.0,408.0,0.0,0.0,378.0,18.0,25
CA_3,FOODS_3_321,baseline,105.0,102.0,3.0,0.0,90.0,0.0,25
CA_3,FOODS_3_321,model,105.0,105.0,0.0,0.0,96.0,3.0,25
CA_3,FOODS_3_324,baseline,39.0,26.0,13.0,13.0,36.0,3.0,25
CA_3,FOODS_3_324,model,39.0,38.0,1.0,25.0,72.0,15.0,25
CA_3,FOODS_3_329,baseline,741.0,741.0,0.0,0.0,642.0,3.0,25
CA_3,FOODS_3_329,model,741.0,732.0,9.0,0.0,630.0,0.0,25
CA_3,FOODS_3_348,baseline,258.0,257.0,1.0,0.0,246.0,25.0,25
CA_3,FOODS_3_348,model,258.0,257.0,1.0,0.0,240.0,19.0,25
CA_3,FOODS_3_349,baseline,259.0,258.0,1.0,0.0,222.0,0.0,25
CA_3,FOODS_3_349,model,259.0,252.0,7.0,0.0,216.0,0.0,25
CA_3,FOODS_3_351,baseline,209.0,202.0,7.0,0.0,180.0,2.0,25
CA_3,FOODS_3_351,model,209.0,166.0,43.0,0.0,144.0,2.0,25
CA_3,FOODS_3_362,baseline,980.0,66.0,914.0,0.0,60.0,0.0,25
CA_3,FOODS_3_362,model,980.0,474.0,506.0,0.0,468.0,0.0,25
CA_3,FOODS_3_363,baseline,130.0,119.0,11.0,0.0,102.0,1.0,25
CA_3,FOODS_3_363,model,130.0,121.0,9.0,0.0,108.0,5.0,25
CA_3,FOODS_3_377,baseline,250.0,250.0,0.0,0.0,222.0,2.0,25
CA_3,FOODS_3_377,model,250.0,250.0,0.0,0.0,222.0,2.0,25
CA_3,FOODS_3_389,baseline,341.0,336.0,5.0,0.0,294.0,6.0,25
CA_3,FOODS_3_389,model,341.0,341.0,0.0,0.0,300.0,7.0,25
CA_3,FOODS_3_403,baseline,353.0,353.0,0.0,0.0,312.0,7.0,25
CA_3,FOODS_3_403,model,353.0,353.0,0.0,0.0,306.0,1.0,25
CA_3,FOODS_3_404,baseline,266.0,266.0,0.0,0.0,240.0,22.0,25
CA_3,FOODS_3_404,model,266.0,266.0,0.0,0.0,246.0,28.0,25
CA_3,FOODS_3_406,baseline,390.0,387.0,3.0,0.0,348.0,21.0,25
CA_3,FOODS_3_406,model,390.0,385.0,5.0,0.0,342.0,17.0,25
CA_3,FOODS_3_455,baseline,179.0,168.0,11.0,0.0,144.0,6.0,25
CA_3,FOODS_3_455,model,179.0,179.0,0.0,0.0,162.0,13.0,25
CA_3,FOODS_3_458,baseline,466.0,456.0,10.0,0.0,396.0,0.0,25
CA_3,FOODS_3_458,model,466.0,444.0,22.0,0.0,384.0,0.0,25
CA_3,FOODS_3_473,baseline,149.0,148.0,1.0,0.0,132.0,2.0,25
CA_3,FOODS_3_473,model,149.0,144.0,5.0,0.0,126.0,0.0,25
CA_3,FOODS_3_491,baseline,256.0,252.0,4.0,0.0,216.0,0.0,25
CA_3,FOODS_3_491,model,256.0,246.0,10.0,0.0,210.0,0.0,25
CA_3,FOODS_3_498,baseline,223.0,214.0,9.0,0.0,192.0,14.0,25
CA_3,FOODS_3_498,model,223.0,223.0,0.0,0.0,210.0,23.0,25
CA_3,FOODS_3_499,baseline,371.0,371.0,0.0,115.0,474.0,114.0,25
CA_3,FOODS_3_499,model,371.0,371.0,0.0,31.0,342.0,66.0,25
CA_3,FOODS_3_501,baseline,468.0,425.0,43.0,0.0,372.0,7.0,25
CA_3,FOODS_3_501,model,468.0,437.0,31.0,0.0,378.0,1.0,25
CA_3,FOODS_3_503,baseline,248.0,248.0,0.0,0.0,222.0,10.0,25
CA_3,FOODS_3_503,model,248.0,248.0,0.0,0.0,222.0,10.0,25
CA_3,FOODS_3_511,baseline,256.0,256.0,0.0,0.0,228.0,14.0,25
CA_3,FOODS_3_511,model,256.0,256.0,0.0,0.0,216.0,2.0,25
CA_3,FOODS_3_516,baseline,411.0,411.0,0.0,0.0,354.0,3.0,25
CA_3,FOODS_3_516,model,411.0,408.0,3.0,0.0,348.0,0.0,25
CA_3,FOODS_3_524,baseline,181.0,174.0,7.0,6.0,162.0,12.0,25
CA_3,FOODS_3_524,model,181.0,181.0,0.0,17.0,174.0,6.0,25
CA_3,FOODS_3_541,baseline,368.0,368.0,0.0,40.0,348.0,18.0,25
CA_3,FOODS_3_541,model,368.0,368.0,0.0,116.0,444.0,38.0,25
CA_3,FOODS_3_547,baseline,246.0,127.0,119.0,0.0,120.0,5.0,25
CA_3,FOODS_3_547,model,246.0,150.0,96.0,0.0,144.0,6.0,25
CA_3,FOODS_3_555,baseline,672.0,672.0,0.0,0.0,588.0,6.0,25
CA_3,FOODS_3_555,model,672.0,672.0,0.0,0.0,588.0,6.0,25
CA_3,FOODS_3_570,baseline,202.0,191.0,11.0,0.0,180.0,7.0,25
CA_3,FOODS_3_570,model,202.0,197.0,5.0,0.0,192.0,13.0,25
CA_3,FOODS_3_580,baseline,207.0,161.0,46.0,0.0,150.0,13.0,25
CA_3,FOODS_3_580,model,207.0,161.0,46.0,0.0,144.0,7.0,25
CA_3,FOODS_3_586,baseline,1493.0,1482.0,11.0,0.0,1290.0,0.0,25
CA_3,FOODS_3_586,model,1493.0,1482.0,11.0,0.0,1290.0,0.0,25
CA_3,FOODS_3_587,baseline,880.0,867.0,13.0,0.0,774.0,21.0,25
CA_3,FOODS_3_587,model,880.0,879.0,1.0,0.0,780.0,15.0,25
CA_3,FOODS_3_607,baseline,345.0,282.0,63.0,0.0,246.0,0.0,25
CA_3,FOODS_3_607,model,345.0,324.0,21.0,0.0,288.0,0.0,25
CA_3,FOODS_3_635,baseline,671.0,665.0,6.0,0.0,600.0,1.0,25
CA_3,FOODS_3_635,model,671.0,671.0,0.0,0.0,612.0,7.0,25
CA_3,FOODS_3_652,baseline,188.0,185.0,3.0,0.0,162.0,1.0,25
CA_3,FOODS_3_652,model,188.0,181.0,7.0,0.0,162.0,5.0,25
CA_3,FOODS_3_654,baseline,182.0,178.0,4.0,0.0,156.0,8.0,25
CA_3,FOODS_3_654,model,182.0,178.0,4.0,0.0,150.0,2.0,25
CA_3,FOODS_3_661,baseline,173.0,173.0,0.0,0.0,156.0,7.0,25
CA_3,FOODS_3_661,model,173.0,173.0,0.0,0.0,156.0,7.0,25
CA_3,FOODS_3_668,baseline,172.0,172.0,0.0,0.0,156.0,2.0,25
CA_3,FOODS_3_668,model,172.0,168.0,4.0,0.0,150.0,0.0,25
CA_3,FOODS_3_681,baseline,784.0,784.0,0.0,0.0,666.0,38.0,25
CA_3,FOODS_3_681,model,784.0,732.0,52.0,0.0,576.0,0.0,25
CA_3,FOODS_3_694,baseline,405.0,402.0,3.0,0.0,354.0,0.0,25
CA_3,FOODS_3_694,model,405.0,402.0,3.0,0.0,354.0,0.0,25
CA_3,FOODS_3_695,baseline,174.0,173.0,1.0,0.0,156.0,13.0,25
CA_3,FOODS_3_695,model,174.0,174.0,0.0,0.0,156.0,12.0,25
CA_3,FOODS_3_697,baseline,320.0,320.0,0.0,0.0,282.0,4.0,25
CA_3,FOODS_3_697,model,320.0,319.0,1.0,0.0,282.0,5.0,25
CA_3,FOODS_3_702,baseline,202.0,194.0,8.0,0.0,180.0,10.0,25
CA_3,FOODS_3_702,model,202.0,194.0,8.0,0.0,180.0,10.0,25
CA_3,FOODS_3_711,baseline,355.0,277.0,78.0,0.0,252.0,23.0,25
CA_3,FOODS_3_711,model,355.0,283.0,72.0,0.0,240.0,5.0,25
CA_3,FOODS_3_714,baseline,684.0,672.0,12.0,0.0,588.0,0.0,25
CA_3,FOODS_3_714,model,684.0,672.0,12.0,0.0,588.0,0.0,25
CA_3,FOODS_3_723,baseline,549.0,549.0,0.0,0.0,480.0,15.0,25
CA_3,FOODS_3_723,model,549.0,426.0,123.0,0.0,342.0,0.0,25
CA_3,FOODS_3_734,baseline,176.0,176.0,0.0,0.0,162.0,10.0,25
CA_3,FOODS_3_734,model,176.0,176.0,0.0,0.0,162.0,10.0,25
CA_3,FOODS_3_739,baseline,668.0,668.0,0.0,0.0,594.0,4.0,25
CA_3,FOODS_3_739,model,668.0,668.0,0.0,0.0,600.0,10.0,25
CA_3,FOODS_3_741,baseline,274.0,265.0,9.0,0.0,234.0,5.0,25
CA_3,FOODS_3_741,model,274.0,273.0,1.0,0.0,252.0,15.0,25
CA_3,FOODS_3_744,baseline,338.0,338.0,0.0,0.0,300.0,10.0,25
CA_3,FOODS_3_744,model,338.0,338.0,0.0,0.0,300.0,10.0,25
CA_3,FOODS_3_746,baseline,397.0,397.0,0.0,0.0,354.0,5.0,25
CA_3,FOODS_3_746,model,397.0,395.0,2.0,0.0,348.0,1.0,25
CA_3,FOODS_3_752,baseline,282.0,262.0,20.0,0.0,228.0,14.0,25
CA_3,FOODS_3_752,model,282.0,282.0,0.0,0.0,258.0,24.0,25
CA_3,FOODS_3_755,baseline,161.0,156.0,5.0,0.0,138.0,6.0,25
CA_3,FOODS_3_755,model,161.0,148.0,13.0,0.0,126.0,2.0,25
CA_3,FOODS_3_756,baseline,331.0,324.0,7.0,0.0,276.0,0.0,25
CA_3,FOODS_3_756,model,331.0,324.0,7.0,0.0,276.0,0.0,25
CA_3,FOODS_3_760,baseline,463.0,447.0,16.0,0.0,414.0,21.0,25
CA_3,FOODS_3_760,model,463.0,438.0,25.0,0.0,384.0,0.0,25
CA_3,FOODS_3_767,baseline,116.0,112.0,4.0,0.0,102.0,8.0,25
CA_3,FOODS_3_767,model,116.0,116.0,0.0,5.0,114.0,11.0,25
CA_3,FOODS_3_772,baseline,174.0,167.0,7.0,0.0,150.0,7.0,25
CA_3,FOODS_3_772,model,174.0,164.0,10.0,0.0,144.0,4.0,25
CA_3,FOODS_3_785,baseline,10.0,10.0,0.0,38.0,42.0,0.0,25
CA_3,FOODS_3_785,model,10.0,10.0,0.0,134.0,156.0,18.0,25
CA_3,FOODS_3_789,baseline,321.0,264.0,57.0,0.0,252.0,0.0,25
CA_3,FOODS_3_789,model,321.0,298.0,23.0,0.0,294.0,8.0,25
CA_3,FOODS_3_795,baseline,155.0,155.0,0.0,0.0,132.0,1.0,25
CA_3,FOODS_3_795,model,155.0,150.0,5.0,0.0,126.0,0.0,25
CA_3,FOODS_3_804,baseline,347.0,343.0,4.0,0.0,306.0,17.0,25
CA_3,FOODS_3_804,model,347.0,347.0,0.0,0.0,324.0,31.0,25
CA_3,FOODS_3_808,baseline,823.0,778.0,45.0,0.0,690.0,14.0,25
CA_3,FOODS_3_808,model,823.0,823.0,0.0,0.0,750.0,29.0,25
CA_3,FOODS_3_811,baseline,322.0,314.0,8.0,0.0,282.0,16.0,25
CA_3,FOODS_3_811,model,322.0,320.0,2.0,0.0,276.0,4.0,25
