store_id,item_id,observed_units,forecast_units,signed_bias_units,absolute_error_value_usd,priority_within_store
CA_1,FOODS_3_120,1760.0,2282.3,522.3,7243.1,1
CA_1,FOODS_3_511,1308.0,781.6,-526.4,3790.25,2
CA_1,FOODS_3_090,2936.0,1389.8,-1546.2,2517.53,3
CA_1,FOODS_3_785,108.0,697.7,589.7,2096.5,4
CA_1,FOODS_3_362,867.0,470.4,-396.6,1410.59,5
CA_1,FOODS_3_499,711.0,1119.6,408.6,1384.19,6
CA_1,FOODS_3_282,1197.0,1332.3,135.3,1346.13,7
CA_1,FOODS_3_587,1526.0,1459.7,-66.3,1289.27,8
CA_1,FOODS_3_202,861.0,645.6,-215.4,1245.42,9
CA_1,FOODS_3_077,45.0,423.9,378.9,1131.38,10
CA_2,FOODS_3_120,829.0,1139.6,310.6,2584.0,1
CA_2,FOODS_3_090,2614.0,1216.5,-1397.5,2308.82,2
CA_2,FOODS_1_012,773.0,691.0,-82.0,2124.39,3
CA_2,FOODS_3_362,962.0,451.2,-510.8,1556.61,4
CA_2,FOODS_3_202,784.0,561.8,-222.2,1433.58,5
CA_2,FOODS_1_170,486.0,451.5,-34.5,1174.38,6
CA_2,FOODS_3_329,936.0,708.8,-227.2,1109.01,7
CA_2,FOODS_3_511,365.0,298.3,-66.7,1094.44,8
CA_2,FOODS_3_282,844.0,740.8,-103.2,1092.98,9
CA_2,FOODS_3_499,506.0,786.1,280.1,1076.35,10
CA_3,FOODS_3_120,2855.0,3935.4,1080.4,7808.5,1
CA_3,FOODS_3_090,6208.0,2999.2,-3208.8,5172.11,2
CA_3,FOODS_3_362,2186.0,1109.0,-1077.0,3203.71,3
CA_3,FOODS_3_282,2887.0,2057.5,-829.5,2872.75,4
CA_3,FOODS_3_233,1548.0,620.3,-927.7,2565.96,5
CA_3,FOODS_3_499,1419.0,1585.0,166.0,2401.55,6
CA_3,FOODS_3_202,1307.0,1016.1,-290.9,1973.81,7
CA_3,FOODS_3_785,123.0,741.9,618.9,1832.18,8
CA_3,FOODS_1_012,114.0,397.3,283.3,1755.99,9
CA_3,FOODS_3_329,1655.0,1442.9,-212.1,1212.51,10
