store_id,date,origin_day,units,baseline,model
CA_1,2016-02-29,1857,931.0,1040.25,929.135906178076
CA_1,2016-03-01,1857,908.0,879.75,900.4844606906877
CA_1,2016-03-02,1857,959.0,877.25,907.6003641617297
CA_1,2016-03-03,1857,909.0,871.5,920.814784387821
CA_1,2016-03-04,1857,977.0,1019.0,1055.603832875736
CA_1,2016-03-05,1857,1344.0,1474.5,1364.8641715829863
CA_1,2016-03-06,1857,1637.0,1423.25,1387.3285022506805
CA_1,2016-03-07,1857,1119.0,1034.25,1024.3530833699683
CA_1,2016-03-08,1857,981.0,907.5,947.0494672609994
CA_1,2016-03-09,1857,992.0,928.0,950.0613989653712
CA_1,2016-03-10,1857,933.0,936.0,963.6384546342372
CA_1,2016-03-11,1857,1118.0,1030.0,1016.4893624639352
CA_1,2016-03-12,1857,1313.0,1445.0,1321.686224670541
CA_1,2016-03-13,1857,1416.0,1395.5,1354.583007138976
CA_1,2016-03-14,1857,1073.0,1070.25,1021.2468282858185
CA_1,2016-03-15,1857,871.0,942.25,916.0281732368702
CA_1,2016-03-16,1857,905.0,953.5,894.9738429454245
CA_1,2016-03-17,1857,908.0,985.0,894.349017679932
CA_1,2016-03-18,1857,1006.0,1112.5,1020.4203246942357
CA_1,2016-03-19,1857,1487.0,1442.75,1315.9916662383891
CA_1,2016-03-20,1857,1818.0,1424.5,1380.4960316219494
CA_1,2016-03-21,1857,968.0,1092.5,994.2094171044146
CA_1,2016-03-22,1857,968.0,965.0,915.0312517923967
CA_1,2016-03-23,1857,898.0,974.25,867.7276327722512
CA_1,2016-03-24,1857,1042.0,1022.0,884.5308431228774
CA_1,2016-03-25,1857,1262.0,1120.75,991.4628425107879
CA_1,2016-03-26,1857,1760.0,1469.5,1316.8459153658723
CA_1,2016-03-27,1857,1579.0,1417.0,1368.0194806767715
CA_1,2016-03-28,1885,931.0,1080.25,977.1343841634457
CA_1,2016-03-29,1885,1103.0,977.25,919.6889516137505
CA_1,2016-03-30,1885,780.0,949.0,897.1236385949742
CA_1,2016-03-31,1885,1087.0,981.25,892.6730523489792
CA_1,2016-04-01,1885,1143.0,1081.0,1086.6354083952476
CA_1,2016-04-02,1885,1523.0,1390.5,1380.2769734266524
CA_1,2016-04-03,1885,1597.0,1492.75,1455.2049251510805
CA_1,2016-04-04,1885,1212.0,1094.75,1056.199537352564
CA_1,2016-04-05,1885,972.0,961.25,963.53515442381
CA_1,2016-04-06,1885,976.0,936.25,974.5739587266256
CA_1,2016-04-07,1885,817.0,942.0,961.1906380838238
CA_1,2016-04-08,1885,1165.0,1088.25,1105.5261147327408
CA_1,2016-04-09,1885,1517.0,1358.25,1374.5719272913652
CA_1,2016-04-10,1885,1425.0,1520.0,1428.359148626371
CA_1,2016-04-11,1885,973.0,1027.75,1003.0648065758362
CA_1,2016-04-12,1885,774.0,929.25,889.6748544974901
CA_1,2016-04-13,1885,881.0,919.25,900.916872598339
CA_1,2016-04-14,1885,844.0,918.5,890.1558979176281
CA_1,2016-04-15,1885,949.0,1037.0,1019.091735829001
CA_1,2016-04-16,1885,1294.0,1381.75,1328.7532982589653
CA_1,2016-04-17,1885,1546.0,1603.75,1433.1743715443204
CA_1,2016-04-18,1885,980.0,1022.75,994.2857320225146
CA_1,2016-04-19,1885,925.0,932.0,909.4086061829889
CA_1,2016-04-20,1885,920.0,938.5,912.0520678312839
CA_1,2016-04-21,1885,1011.0,948.0,927.1798192578211
CA_1,2016-04-22,1885,1064.0,1090.75,1060.0925954539925
CA_1,2016-04-23,1885,1357.0,1476.0,1418.0189578957343
CA_1,2016-04-24,1885,1465.0,1612.5,1450.6286635072304
CA_2,2016-02-29,1857,768.0,875.0,703.6110365669856
CA_2,2016-03-01,1857,765.0,826.25,728.4410993289603
CA_2,2016-03-02,1857,764.0,716.75,706.4791748889158
CA_2,2016-03-03,1857,749.0,787.25,713.0457529515934
CA_2,2016-03-04,1857,928.0,1014.75,833.7279879889874
CA_2,2016-03-05,1857,1260.0,1443.5,1184.030541753934
CA_2,2016-03-06,1857,1466.0,1293.0,1122.8391369193005
CA_2,2016-03-07,1857,818.0,880.0,783.2947903650485
CA_2,2016-03-08,1857,988.0,845.0,723.2384381094575
CA_2,2016-03-09,1857,895.0,787.0,733.7252901853072
CA_2,2016-03-10,1857,861.0,854.0,760.6641896920332
CA_2,2016-03-11,1857,988.0,1011.25,836.2568879371213
CA_2,2016-03-12,1857,1442.0,1429.25,1164.9475220248698
CA_2,2016-03-13,1857,1259.0,1246.5,1134.4640717264165
CA_2,2016-03-14,1857,758.0,899.0,821.2860867142359
CA_2,2016-03-15,1857,849.0,847.25,723.5429075630783
CA_2,2016-03-16,1857,776.0,792.25,713.5829581927377
CA_2,2016-03-17,1857,852.0,869.0,723.7224818794687
CA_2,2016-03-18,1857,927.0,1009.75,841.5105486942718
CA_2,2016-03-19,1857,594.0,1409.5,1146.07859183996
CA_2,2016-03-20,1857,584.0,1261.25,1192.160771523853
CA_2,2016-03-21,1857,761.0,930.75,808.9912536241151
CA_2,2016-03-22,1857,1048.0,831.5,718.1277393985446
CA_2,2016-03-23,1857,772.0,806.25,699.1017308542337
CA_2,2016-03-24,1857,800.0,897.25,723.8096461632947
CA_2,2016-03-25,1857,1240.0,1009.75,801.1344510887604
CA_2,2016-03-26,1857,1679.0,1414.25,1167.790839812695
CA_2,2016-03-27,1857,1594.0,1267.25,1171.0156326213446
CA_2,2016-03-28,1885,836.0,930.25,763.89893441493
CA_2,2016-03-29,1885,892.0,818.0,708.9457944057996
CA_2,2016-03-30,1885,875.0,805.0,707.953537964237
CA_2,2016-03-31,1885,793.0,873.5,722.3156019321311
CA_2,2016-04-01,1885,1067.0,988.75,806.894281907267
CA_2,2016-04-02,1885,1281.0,1333.25,1092.816083952429
CA_2,2016-04-03,1885,1395.0,1355.25,1135.0108144648927
CA_2,2016-04-04,1885,841.0,905.25,720.630113152376
CA_2,2016-04-05,1885,757.0,830.5,721.2589136534401
CA_2,2016-04-06,1885,891.0,789.0,715.0231087950965
CA_2,2016-04-07,1885,843.0,826.5,709.8863189326175
CA_2,2016-04-08,1885,961.0,967.25,802.3512350532918
CA_2,2016-04-09,1885,1303.0,1339.25,1105.6954488658814
CA_2,2016-04-10,1885,1305.0,1373.5,1103.4256348482802
CA_2,2016-04-11,1885,875.0,816.25,694.4278751768333
CA_2,2016-04-12,1885,864.0,843.25,691.650498841531
CA_2,2016-04-13,1885,723.0,791.75,686.786940166301
CA_2,2016-04-14,1885,764.0,834.0,702.5534307728833
CA_2,2016-04-15,1885,997.0,944.75,771.7058695851563
CA_2,2016-04-16,1885,1182.0,1169.5,938.8394722486848
CA_2,2016-04-17,1885,1177.0,1164.0,930.5627643236577
CA_2,2016-04-18,1885,849.0,776.25,678.7731976408747
CA_2,2016-04-19,1885,846.0,912.5,697.2884022090616
CA_2,2016-04-20,1885,829.0,801.75,667.4846152932575
CA_2,2016-04-21,1885,809.0,815.5,674.7896390182423
CA_2,2016-04-22,1885,968.0,1020.75,798.8034942169396
CA_2,2016-04-23,1885,1305.0,1243.75,1072.9315626701064
CA_2,2016-04-24,1885,1263.0,1225.75,1068.9104942534052
CA_3,2016-02-29,1857,1553.0,1764.5,1467.275116522477
CA_3,2016-03-01,1857,1852.0,1501.75,1542.6716165191788
CA_3,2016-03-02,1857,1430.0,1473.5,1508.7421516818492
CA_3,2016-03-03,1857,1528.0,1441.0,1508.0943923828202
CA_3,2016-03-04,1857,1303.0,1523.5,1593.3906935805321
CA_3,2016-03-05,1857,1925.0,2095.5,2002.9696242357854
CA_3,2016-03-06,1857,2199.0,2107.5,2025.683124628284
CA_3,2016-03-07,1857,1795.0,1663.25,1697.5023682534406
CA_3,2016-03-08,1857,1638.0,1530.5,1581.2624114696966
CA_3,2016-03-09,1857,1504.0,1590.25,1566.9576687672468
CA_3,2016-03-10,1857,1546.0,1564.5,1548.8748200682664
CA_3,2016-03-11,1857,1562.0,1587.0,1508.2851929792034
CA_3,2016-03-12,1857,1844.0,2144.25,1925.9169988244566
CA_3,2016-03-13,1857,2029.0,2089.75,2001.8368840845922
CA_3,2016-03-14,1857,1662.0,1755.75,1645.092968974446
CA_3,2016-03-15,1857,1477.0,1493.5,1466.1418584812704
CA_3,2016-03-16,1857,1433.0,1548.75,1436.0818047955586
CA_3,2016-03-17,1857,1446.0,1544.75,1462.0936942623184
CA_3,2016-03-18,1857,1445.0,1616.25,1503.5272054697652
CA_3,2016-03-19,1857,2078.0,2077.5,1936.1948584757754
CA_3,2016-03-20,1857,1971.0,2037.75,2019.0958333496367
CA_3,2016-03-21,1857,1624.0,1752.75,1584.6527039909092
CA_3,2016-03-22,1857,1561.0,1528.5,1471.6195871664656
CA_3,2016-03-23,1857,1488.0,1527.75,1413.8151975884919
CA_3,2016-03-24,1857,1436.0,1612.25,1433.5154109659024
CA_3,2016-03-25,1857,1760.0,1668.0,1532.122212885108
CA_3,2016-03-26,1857,2411.0,2101.0,1984.2484549269914
CA_3,2016-03-27,1857,2143.0,2022.0,1974.1274938050644
CA_3,2016-03-28,1885,1399.0,1742.75,1627.3920764365803
CA_3,2016-03-29,1885,1349.0,1619.25,1465.1707958051106
CA_3,2016-03-30,1885,1384.0,1521.5,1430.6071890650105
CA_3,2016-03-31,1885,1371.0,1576.0,1479.5535455594088
CA_3,2016-04-01,1885,1515.0,1567.5,1618.8225059532035
CA_3,2016-04-02,1885,1746.0,2037.5,1958.9546375588172
CA_3,2016-04-03,1885,1971.0,2057.25,1972.633029096745
CA_3,2016-04-04,1885,1618.0,1795.0,1590.9707732878016
CA_3,2016-04-05,1885,1643.0,1639.0,1522.143555438923
CA_3,2016-04-06,1885,1599.0,1418.25,1494.1398456736003
CA_3,2016-04-07,1885,1575.0,1498.0,1492.8351704419686
CA_3,2016-04-08,1885,1581.0,1538.75,1599.172486817299
CA_3,2016-04-09,1885,1923.0,1952.0,1903.5304283294613
CA_3,2016-04-10,1885,2021.0,2088.25,1941.1971358857097
CA_3,2016-04-11,1885,1698.0,1689.5,1506.7727368884662
CA_3,2016-04-12,1885,1480.0,1625.5,1382.2885848802791
CA_3,2016-04-13,1885,1385.0,1425.5,1393.3343823977477
CA_3,2016-04-14,1885,1444.0,1524.25,1387.3891426939865
CA_3,2016-04-15,1885,1394.0,1501.0,1482.3093463120124
CA_3,2016-04-16,1885,1825.0,1962.25,1823.869510922229
CA_3,2016-04-17,1885,2094.0,2030.25,1893.6140637866097
CA_3,2016-04-18,1885,1638.0,1658.5,1510.5102184253678
CA_3,2016-04-19,1885,1386.0,1632.0,1402.099405450166
CA_3,2016-04-20,1885,1318.0,1463.75,1386.6636805867738
CA_3,2016-04-21,1885,1250.0,1489.0,1383.6364812716558
CA_3,2016-04-22,1885,1409.0,1517.5,1497.7488128777413
CA_3,2016-04-23,1885,1775.0,2064.5,1862.419347099322
CA_3,2016-04-24,1885,1799.0,2085.5,1861.1317377055586
